location,count_mobike
"115.48,39.99",1
"115.54,39.66",1
"115.65,39.63",1
"115.74,39.56",1
"115.77,39.60",1
"115.77,40.00",1
"115.78,39.54",2
"115.81,39.56",1
"115.83,39.48",1
"115.83,39.56",1
"115.83,40.47",1
"115.85,39.70",1
"115.85,40.48",1
"115.86,39.56",1
"115.86,39.57",1
"115.86,39.59",1
"115.87,40.36",1
"115.89,39.57",2
"115.89,39.62",1
"115.90,39.58",4
"115.90,39.60",2
"115.90,39.61",5
"115.90,39.66",1
"115.90,39.82",1
"115.90,40.36",1
"115.90,40.37",2
"115.90,40.38",1
"115.91,39.61",1
"115.91,39.62",1
"115.91,39.82",1
"115.92,39.60",3
"115.92,39.61",2
"115.92,39.64",3
"115.92,39.66",1
"115.92,40.42",4
"115.93,39.63",2
"115.93,39.64",2
"115.93,39.68",1
"115.93,39.71",5
"115.93,39.82",1
"115.93,40.36",2
"115.93,40.41",1
"115.93,40.43",3
"115.94,39.60",1
"115.94,39.66",2
"115.94,39.67",6
"115.94,39.68",1
"115.94,40.40",1
"115.94,40.43",1
"115.95,39.60",1
"115.95,39.62",2
"115.95,39.63",1
"115.95,39.65",4
"115.95,39.68",8
"115.95,39.73",4
"115.95,40.43",3
"115.95,40.46",1
"115.96,39.57",1
"115.96,39.58",3
"115.96,39.61",6
"115.96,39.66",1
"115.96,39.72",2
"115.96,39.82",1
"115.96,39.98",1
"115.96,40.37",2
"115.96,40.44",3
"115.96,40.45",5
"115.96,40.47",1
"115.96,40.48",1
"115.96,40.52",1
"115.97,39.60",2
"115.97,39.64",2
"115.97,39.65",1
"115.97,39.66",4
"115.97,39.68",8
"115.97,39.72",3
"115.97,40.36",2
"115.97,40.41",3
"115.97,40.42",1
"115.97,40.43",10
"115.97,40.45",3
"115.97,40.46",17
"115.97,40.47",5
"115.98,39.63",1
"115.98,39.64",4
"115.98,39.65",1
"115.98,39.69",3
"115.98,39.70",4
"115.98,39.71",2
"115.98,40.36",1
"115.98,40.42",1
"115.98,40.43",5
"115.98,40.44",5
"115.98,40.45",8
"115.99,39.62",4
"115.99,39.63",4
"115.99,39.65",1
"115.99,39.72",1
"115.99,39.73",1
"115.99,39.98",6
"115.99,40.35",3
"115.99,40.36",4
"115.99,40.44",15
"115.99,40.46",6
"115.99,40.47",16
"115.99,40.48",4
"116.00,39.62",2
"116.00,39.68",1
"116.00,39.70",6
"116.00,39.76",1
"116.00,40.36",2
"116.00,40.45",9
"116.00,40.46",4
"116.01,39.58",2
"116.01,39.59",4
"116.01,39.70",1
"116.01,39.71",4
"116.01,39.72",1
"116.01,39.76",2
"116.01,39.78",4
"116.01,39.82",1
"116.01,39.90",1
"116.01,40.14",1
"116.01,40.35",1
"116.01,40.36",1
"116.01,40.48",1
"116.02,39.60",7
"116.02,39.61",1
"116.02,39.67",1
"116.02,39.70",1
"116.02,39.72",1
"116.02,39.74",1
"116.02,39.79",1
"116.02,39.97",2
"116.02,40.42",1
"116.02,40.45",3
"116.03,39.59",1
"116.03,39.60",2
"116.03,39.62",1
"116.03,39.65",1
"116.03,39.67",2
"116.03,39.70",1
"116.03,39.71",13
"116.03,39.73",3
"116.03,39.76",1
"116.03,39.77",2
"116.03,39.78",2
"116.03,39.81",6
"116.03,39.87",6
"116.03,39.98",8
"116.03,40.00",4
"116.03,40.43",1
"116.04,39.58",2
"116.04,39.59",4
"116.04,39.60",1
"116.04,39.62",1
"116.04,39.64",4
"116.04,39.67",1
"116.04,39.69",1
"116.04,39.71",5
"116.04,39.72",8
"116.04,39.74",5
"116.04,39.76",6
"116.04,39.79",2
"116.04,39.81",8
"116.04,39.82",1
"116.04,39.88",1
"116.04,39.98",1
"116.04,39.99",11
"116.04,40.21",1
"116.04,40.48",1
"116.05,39.59",1
"116.05,39.63",10
"116.05,39.64",1
"116.05,39.66",1
"116.05,39.67",1
"116.05,39.70",1
"116.05,39.71",2
"116.05,39.72",5
"116.05,39.74",1
"116.05,39.85",2
"116.05,39.88",4
"116.05,39.97",5
"116.05,40.22",1
"116.05,40.31",1
"116.05,40.56",1
"116.06,39.60",3
"116.06,39.62",2
"116.06,39.63",7
"116.06,39.65",10
"116.06,39.66",1
"116.06,39.67",9
"116.06,39.68",12
"116.06,39.69",4
"116.06,39.71",16
"116.06,39.73",9
"116.06,39.78",5
"116.06,39.79",7
"116.06,39.81",7
"116.06,39.83",3
"116.06,39.93",3
"116.06,39.97",7
"116.06,39.98",12
"116.06,39.99",13
"116.06,40.17",4
"116.06,40.18",2
"116.06,40.21",1
"116.07,39.60",1
"116.07,39.61",3
"116.07,39.62",2
"116.07,39.64",1
"116.07,39.65",9
"116.07,39.67",4
"116.07,39.71",6
"116.07,39.72",5
"116.07,39.74",3
"116.07,39.80",1
"116.07,39.81",6
"116.07,39.82",6
"116.07,39.93",5
"116.07,40.00",2
"116.07,40.16",7
"116.07,40.17",2
"116.07,40.22",1
"116.07,40.29",2
"116.08,39.58",4
"116.08,39.63",1
"116.08,39.64",1
"116.08,39.67",3
"116.08,39.68",2
"116.08,39.70",3
"116.08,39.71",7
"116.08,39.72",3
"116.08,39.75",3
"116.08,39.76",4
"116.08,39.77",1
"116.08,39.78",9
"116.08,39.81",1
"116.08,39.82",1
"116.08,39.84",2
"116.08,39.93",1
"116.08,39.94",3
"116.08,39.97",5
"116.08,39.98",25
"116.08,39.99",5
"116.08,40.00",4
"116.08,40.18",1
"116.08,40.21",2
"116.08,40.23",3
"116.09,39.60",3
"116.09,39.61",3
"116.09,39.65",5
"116.09,39.66",9
"116.09,39.67",9
"116.09,39.71",1
"116.09,39.72",20
"116.09,39.73",2
"116.09,39.74",9
"116.09,39.75",1
"116.09,39.76",1
"116.09,39.77",1
"116.09,39.79",1
"116.09,39.80",1
"116.09,39.81",5
"116.09,39.82",19
"116.09,39.83",77
"116.09,39.84",19
"116.09,39.85",2
"116.09,39.93",14
"116.09,39.94",39
"116.09,39.95",2
"116.09,39.97",3
"116.09,39.98",3
"116.09,39.99",15
"116.09,40.00",7
"116.09,40.01",1
"116.09,40.11",1
"116.09,40.16",5
"116.09,40.21",3
"116.10,39.60",5
"116.10,39.63",1
"116.10,39.67",5
"116.10,39.68",3
"116.10,39.69",10
"116.10,39.72",11
"116.10,39.73",8
"116.10,39.74",3
"116.10,39.76",17
"116.10,39.78",3
"116.10,39.79",14
"116.10,39.84",2
"116.10,39.85",2
"116.10,39.86",48
"116.10,39.87",16
"116.10,39.88",1
"116.10,39.89",16
"116.10,39.90",22
"116.10,39.91",24
"116.10,39.93",24
"116.10,39.94",55
"116.10,39.95",21
"116.10,39.96",14
"116.10,39.97",34
"116.10,40.00",25
"116.10,40.01",3
"116.10,40.04",2
"116.10,40.05",1
"116.10,40.07",2
"116.10,40.10",2
"116.10,40.11",1
"116.10,40.17",5
"116.10,40.27",1
"116.11,39.59",3
"116.11,39.63",8
"116.11,39.65",2
"116.11,39.66",13
"116.11,39.69",6
"116.11,39.73",2
"116.11,39.74",17
"116.11,39.76",1
"116.11,39.77",19
"116.11,39.79",2
"116.11,39.80",5
"116.11,39.81",2
"116.11,39.82",9
"116.11,39.83",9
"116.11,39.84",17
"116.11,39.85",13
"116.11,39.86",41
"116.11,39.87",18
"116.11,39.88",1
"116.11,39.89",20
"116.11,39.90",34
"116.11,39.91",33
"116.11,39.92",17
"116.11,39.93",71
"116.11,39.94",31
"116.11,39.95",22
"116.11,39.96",81
"116.11,39.97",3
"116.11,40.00",1
"116.11,40.09",4
"116.11,40.10",7
"116.11,40.11",18
"116.11,40.12",2
"116.11,40.13",2
"116.11,40.18",1
"116.11,40.19",1
"116.11,40.21",1
"116.11,40.22",7
"116.11,40.24",1
"116.12,39.58",2
"116.12,39.61",5
"116.12,39.69",3
"116.12,39.70",7
"116.12,39.71",9
"116.12,39.72",6
"116.12,39.73",29
"116.12,39.74",1
"116.12,39.78",2
"116.12,39.79",9
"116.12,39.80",3
"116.12,39.81",1
"116.12,39.82",9
"116.12,39.83",4
"116.12,39.84",13
"116.12,39.85",22
"116.12,39.86",1
"116.12,39.87",1
"116.12,39.89",35
"116.12,39.90",28
"116.12,39.91",16
"116.12,39.92",20
"116.12,39.93",38
"116.12,39.94",38
"116.12,39.95",74
"116.12,39.96",25
"116.12,39.97",9
"116.12,40.01",4
"116.12,40.05",4
"116.12,40.06",1
"116.12,40.07",20
"116.12,40.08",18
"116.12,40.09",6
"116.12,40.12",11
"116.12,40.13",10
"116.12,40.18",9
"116.12,40.19",3
"116.12,40.23",7
"116.12,40.25",4
"116.13,39.61",5
"116.13,39.62",1
"116.13,39.64",2
"116.13,39.68",7
"116.13,39.72",37
"116.13,39.73",9
"116.13,39.74",17
"116.13,39.75",3
"116.13,39.77",15
"116.13,39.79",2
"116.13,39.80",9
"116.13,39.81",15
"116.13,39.82",2
"116.13,39.86",13
"116.13,39.89",8
"116.13,39.90",36
"116.13,39.91",18
"116.13,39.92",16
"116.13,39.93",70
"116.13,39.94",57
"116.13,39.95",60
"116.13,39.96",3
"116.13,40.01",2
"116.13,40.05",12
"116.13,40.07",2
"116.13,40.08",2
"116.13,40.09",1
"116.13,40.10",33
"116.13,40.13",10
"116.13,40.14",5
"116.13,40.16",10
"116.13,40.22",2
"116.13,40.23",1
"116.13,40.24",15
"116.14,39.62",3
"116.14,39.66",5
"116.14,39.67",1
"116.14,39.68",19
"116.14,39.70",12
"116.14,39.71",27
"116.14,39.72",10
"116.14,39.73",37
"116.14,39.74",18
"116.14,39.75",15
"116.14,39.76",14
"116.14,39.78",4
"116.14,39.79",10
"116.14,39.80",11
"116.14,39.81",23
"116.14,39.82",18
"116.14,39.83",3
"116.14,39.85",4
"116.14,39.88",3
"116.14,39.89",26
"116.14,39.90",37
"116.14,39.92",15
"116.14,39.93",29
"116.14,39.94",71
"116.14,39.95",34
"116.14,39.96",22
"116.14,39.97",1
"116.14,40.06",2
"116.14,40.07",10
"116.14,40.08",5
"116.14,40.10",5
"116.14,40.11",32
"116.14,40.13",9
"116.14,40.14",10
"116.14,40.15",7
"116.14,40.17",6
"116.14,40.18",2
"116.14,40.21",1
"116.14,40.23",2
"116.15,39.62",3
"116.15,39.64",3
"116.15,39.66",10
"116.15,39.68",1
"116.15,39.71",2
"116.15,39.72",16
"116.15,39.73",13
"116.15,39.74",7
"116.15,39.75",3
"116.15,39.76",5
"116.15,39.77",17
"116.15,39.79",15
"116.15,39.80",23
"116.15,39.81",29
"116.15,39.82",2
"116.15,39.86",13
"116.15,39.88",3
"116.15,39.89",18
"116.15,39.90",4
"116.15,39.91",27
"116.15,39.92",66
"116.15,39.93",87
"116.15,39.94",29
"116.15,40.04",1
"116.15,40.07",17
"116.15,40.08",14
"116.15,40.10",12
"116.15,40.11",9
"116.15,40.12",24
"116.15,40.13",12
"116.15,40.14",8
"116.15,40.16",2
"116.15,40.17",1
"116.15,40.18",7
"116.15,40.20",1
"116.15,40.21",2
"116.15,40.25",6
"116.15,40.26",3
"116.16,39.60",2
"116.16,39.63",2
"116.16,39.67",16
"116.16,39.68",4
"116.16,39.69",19
"116.16,39.71",24
"116.16,39.73",22
"116.16,39.74",15
"116.16,39.75",15
"116.16,39.76",7
"116.16,39.77",10
"116.16,39.78",8
"116.16,39.80",18
"116.16,39.81",20
"116.16,39.83",8
"116.16,39.84",10
"116.16,39.85",3
"116.16,39.86",20
"116.16,39.87",4
"116.16,39.88",6
"116.16,39.89",19
"116.16,39.90",9
"116.16,39.91",35
"116.16,39.92",94
"116.16,39.93",251
"116.16,39.94",34
"116.16,39.95",1
"116.16,40.04",6
"116.16,40.05",18
"116.16,40.06",19
"116.16,40.07",38
"116.16,40.08",18
"116.16,40.13",20
"116.16,40.15",2
"116.16,40.16",4
"116.16,40.17",11
"116.16,40.18",10
"116.16,40.19",1
"116.16,40.20",1
"116.16,40.23",4
"116.16,40.24",1
"116.17,39.61",1
"116.17,39.65",6
"116.17,39.66",1
"116.17,39.67",1
"116.17,39.68",4
"116.17,39.69",3
"116.17,39.70",1
"116.17,39.71",3
"116.17,39.72",2
"116.17,39.73",3
"116.17,39.74",32
"116.17,39.75",8
"116.17,39.76",1
"116.17,39.77",12
"116.17,39.78",13
"116.17,39.80",6
"116.17,39.81",16
"116.17,39.82",19
"116.17,39.84",13
"116.17,39.85",26
"116.17,39.87",33
"116.17,39.88",17
"116.17,39.89",46
"116.17,39.90",34
"116.17,39.91",87
"116.17,39.92",268
"116.17,39.93",227
"116.17,39.94",148
"116.17,39.95",2
"116.17,39.97",1
"116.17,39.98",2
"116.17,40.03",3
"116.17,40.04",24
"116.17,40.05",6
"116.17,40.06",36
"116.17,40.07",16
"116.17,40.08",13
"116.17,40.09",9
"116.17,40.10",8
"116.17,40.11",2
"116.17,40.14",6
"116.17,40.17",3
"116.17,40.18",5
"116.17,40.20",8
"116.17,40.23",9
"116.18,39.67",2
"116.18,39.69",4
"116.18,39.70",11
"116.18,39.72",9
"116.18,39.73",18
"116.18,39.74",1
"116.18,39.75",7
"116.18,39.76",1
"116.18,39.77",36
"116.18,39.78",1
"116.18,39.79",7
"116.18,39.80",14
"116.18,39.81",23
"116.18,39.82",2
"116.18,39.83",6
"116.18,39.84",3
"116.18,39.85",3
"116.18,39.86",28
"116.18,39.89",71
"116.18,39.90",133
"116.18,39.91",204
"116.18,39.92",203
"116.18,39.93",217
"116.18,39.94",237
"116.18,39.95",56
"116.18,40.03",1
"116.18,40.04",43
"116.18,40.05",16
"116.18,40.06",3
"116.18,40.07",10
"116.18,40.08",8
"116.18,40.09",5
"116.18,40.11",1
"116.18,40.12",22
"116.18,40.13",20
"116.18,40.15",3
"116.18,40.16",1
"116.18,40.18",3
"116.18,40.20",7
"116.18,40.21",2
"116.18,40.22",3
"116.18,40.23",1
"116.18,40.25",1
"116.19,39.60",1
"116.19,39.62",2
"116.19,39.63",5
"116.19,39.66",2
"116.19,39.67",9
"116.19,39.68",1
"116.19,39.70",7
"116.19,39.71",22
"116.19,39.72",2
"116.19,39.73",8
"116.19,39.74",1
"116.19,39.75",20
"116.19,39.76",7
"116.19,39.77",3
"116.19,39.78",4
"116.19,39.79",36
"116.19,39.80",17
"116.19,39.81",55
"116.19,39.82",6
"116.19,39.83",31
"116.19,39.84",33
"116.19,39.85",13
"116.19,39.87",12
"116.19,39.89",86
"116.19,39.90",127
"116.19,39.91",227
"116.19,39.92",256
"116.19,39.93",282
"116.19,39.94",234
"116.19,39.95",75
"116.19,39.96",6
"116.19,40.03",1
"116.19,40.04",22
"116.19,40.05",15
"116.19,40.08",37
"116.19,40.09",17
"116.19,40.10",22
"116.19,40.12",10
"116.19,40.14",1
"116.19,40.15",8
"116.19,40.17",26
"116.19,40.19",6
"116.19,40.20",5
"116.19,40.22",11
"116.19,40.24",11
"116.19,40.25",1
"116.19,40.31",1
"116.20,39.61",9
"116.20,39.63",1
"116.20,39.64",3
"116.20,39.65",2
"116.20,39.66",8
"116.20,39.68",7
"116.20,39.70",2
"116.20,39.74",15
"116.20,39.75",2
"116.20,39.76",2
"116.20,39.77",11
"116.20,39.78",1
"116.20,39.79",41
"116.20,39.80",36
"116.20,39.81",82
"116.20,39.82",52
"116.20,39.83",30
"116.20,39.84",64
"116.20,39.85",31
"116.20,39.86",26
"116.20,39.88",3
"116.20,39.89",168
"116.20,39.90",106
"116.20,39.91",204
"116.20,39.92",247
"116.20,39.93",239
"116.20,39.94",253
"116.20,39.95",83
"116.20,39.97",18
"116.20,39.98",2
"116.20,39.99",15
"116.20,40.00",6
"116.20,40.04",24
"116.20,40.05",13
"116.20,40.07",2
"116.20,40.08",1
"116.20,40.09",19
"116.20,40.10",2
"116.20,40.11",25
"116.20,40.12",7
"116.20,40.13",26
"116.20,40.14",28
"116.20,40.15",13
"116.20,40.16",1
"116.20,40.17",4
"116.20,40.18",2
"116.20,40.19",6
"116.20,40.20",21
"116.20,40.21",1
"116.20,40.22",1
"116.20,40.23",4
"116.20,40.24",3
"116.20,40.27",1
"116.20,40.29",2
"116.21,39.69",5
"116.21,39.70",26
"116.21,39.71",9
"116.21,39.72",5
"116.21,39.73",7
"116.21,39.74",13
"116.21,39.75",20
"116.21,39.76",35
"116.21,39.77",26
"116.21,39.78",12
"116.21,39.79",4
"116.21,39.80",10
"116.21,39.81",21
"116.21,39.82",67
"116.21,39.83",45
"116.21,39.84",39
"116.21,39.85",9
"116.21,39.86",6
"116.21,39.87",36
"116.21,39.88",88
"116.21,39.89",119
"116.21,39.90",257
"116.21,39.91",131
"116.21,39.92",199
"116.21,39.93",196
"116.21,39.94",177
"116.21,39.95",110
"116.21,39.96",102
"116.21,39.97",9
"116.21,39.98",11
"116.21,39.99",55
"116.21,40.00",7
"116.21,40.03",18
"116.21,40.04",4
"116.21,40.05",16
"116.21,40.06",53
"116.21,40.07",30
"116.21,40.08",26
"116.21,40.09",41
"116.21,40.10",44
"116.21,40.11",69
"116.21,40.12",44
"116.21,40.13",26
"116.21,40.14",3
"116.21,40.15",2
"116.21,40.16",3
"116.21,40.17",4
"116.21,40.18",14
"116.21,40.20",2
"116.21,40.21",6
"116.21,40.22",9
"116.21,40.23",10
"116.21,40.24",23
"116.21,40.26",1
"116.22,39.71",20
"116.22,39.72",7
"116.22,39.73",41
"116.22,39.74",8
"116.22,39.75",8
"116.22,39.76",8
"116.22,39.77",7
"116.22,39.78",5
"116.22,39.79",12
"116.22,39.80",7
"116.22,39.81",37
"116.22,39.84",1
"116.22,39.85",58
"116.22,39.86",84
"116.22,39.87",135
"116.22,39.88",202
"116.22,39.89",150
"116.22,39.90",230
"116.22,39.91",150
"116.22,39.92",64
"116.22,39.93",265
"116.22,39.94",118
"116.22,39.95",84
"116.22,39.96",103
"116.22,39.97",91
"116.22,39.98",23
"116.22,39.99",65
"116.22,40.00",28
"116.22,40.02",1
"116.22,40.03",46
"116.22,40.04",20
"116.22,40.05",3
"116.22,40.06",12
"116.22,40.07",24
"116.22,40.08",23
"116.22,40.09",27
"116.22,40.10",49
"116.22,40.11",13
"116.22,40.12",34
"116.22,40.13",16
"116.22,40.14",16
"116.22,40.16",24
"116.22,40.17",1
"116.22,40.18",1
"116.22,40.19",18
"116.22,40.20",14
"116.22,40.21",51
"116.22,40.22",10
"116.22,40.23",14
"116.22,40.24",2
"116.22,40.25",8
"116.22,40.27",6
"116.22,40.29",1
"116.22,40.32",1
"116.23,39.62",5
"116.23,39.64",4
"116.23,39.65",1
"116.23,39.66",8
"116.23,39.67",2
"116.23,39.70",1
"116.23,39.72",6
"116.23,39.77",35
"116.23,39.79",1
"116.23,39.83",14
"116.23,39.84",35
"116.23,39.85",167
"116.23,39.86",155
"116.23,39.87",95
"116.23,39.88",175
"116.23,39.89",164
"116.23,39.90",259
"116.23,39.91",197
"116.23,39.92",231
"116.23,39.93",248
"116.23,39.94",76
"116.23,39.95",234
"116.23,39.96",45
"116.23,39.97",29
"116.23,39.98",47
"116.23,39.99",33
"116.23,40.00",17
"116.23,40.02",1
"116.23,40.03",7
"116.23,40.04",10
"116.23,40.05",69
"116.23,40.06",1
"116.23,40.07",27
"116.23,40.08",85
"116.23,40.09",46
"116.23,40.10",6
"116.23,40.11",15
"116.23,40.12",6
"116.23,40.13",7
"116.23,40.14",11
"116.23,40.15",8
"116.23,40.16",2
"116.23,40.17",7
"116.23,40.18",1
"116.23,40.19",7
"116.23,40.20",31
"116.23,40.21",8
"116.23,40.22",17
"116.23,40.23",6
"116.23,40.27",6
"116.23,40.30",1
"116.24,39.59",7
"116.24,39.62",5
"116.24,39.64",8
"116.24,39.65",16
"116.24,39.66",1
"116.24,39.67",5
"116.24,39.68",12
"116.24,39.70",10
"116.24,39.71",2
"116.24,39.72",4
"116.24,39.81",2
"116.24,39.83",55
"116.24,39.84",160
"116.24,39.85",161
"116.24,39.86",112
"116.24,39.87",100
"116.24,39.88",117
"116.24,39.89",87
"116.24,39.90",238
"116.24,39.91",149
"116.24,39.92",167
"116.24,39.93",208
"116.24,39.94",52
"116.24,39.95",142
"116.24,39.96",52
"116.24,39.97",21
"116.24,39.98",83
"116.24,39.99",1
"116.24,40.00",23
"116.24,40.01",2
"116.24,40.03",13
"116.24,40.04",46
"116.24,40.05",27
"116.24,40.06",21
"116.24,40.07",104
"116.24,40.08",35
"116.24,40.09",13
"116.24,40.10",2
"116.24,40.11",23
"116.24,40.12",40
"116.24,40.13",5
"116.24,40.14",1
"116.24,40.15",16
"116.24,40.16",5
"116.24,40.17",22
"116.24,40.18",4
"116.24,40.19",12
"116.24,40.21",2
"116.24,40.22",21
"116.24,40.23",1
"116.24,40.24",1
"116.24,40.26",5
"116.24,40.28",1
"116.24,40.29",11
"116.24,40.30",1
"116.25,39.51",1
"116.25,39.57",1
"116.25,39.58",1
"116.25,39.64",5
"116.25,39.66",11
"116.25,39.69",8
"116.25,39.71",5
"116.25,39.72",18
"116.25,39.73",7
"116.25,39.74",5
"116.25,39.75",22
"116.25,39.77",16
"116.25,39.80",1
"116.25,39.82",30
"116.25,39.83",129
"116.25,39.84",122
"116.25,39.85",144
"116.25,39.86",114
"116.25,39.87",119
"116.25,39.88",68
"116.25,39.89",126
"116.25,39.90",153
"116.25,39.91",237
"116.25,39.92",194
"116.25,39.93",157
"116.25,39.94",116
"116.25,39.95",115
"116.25,39.96",8
"116.25,39.97",96
"116.25,39.98",87
"116.25,39.99",17
"116.25,40.00",22
"116.25,40.01",2
"116.25,40.03",1
"116.25,40.04",12
"116.25,40.05",51
"116.25,40.06",47
"116.25,40.07",6
"116.25,40.08",20
"116.25,40.09",42
"116.25,40.10",37
"116.25,40.11",92
"116.25,40.12",106
"116.25,40.13",3
"116.25,40.14",35
"116.25,40.15",7
"116.25,40.16",1
"116.25,40.17",7
"116.25,40.19",2
"116.25,40.20",8
"116.25,40.21",16
"116.25,40.22",1
"116.25,40.23",3
"116.25,40.28",4
"116.25,40.30",1
"116.26,39.54",2
"116.26,39.65",2
"116.26,39.68",9
"116.26,39.69",8
"116.26,39.70",5
"116.26,39.72",1
"116.26,39.74",9
"116.26,39.75",68
"116.26,39.76",37
"116.26,39.77",23
"116.26,39.78",22
"116.26,39.79",10
"116.26,39.80",47
"116.26,39.81",29
"116.26,39.82",126
"116.26,39.83",70
"116.26,39.84",42
"116.26,39.85",126
"116.26,39.86",134
"116.26,39.87",75
"116.26,39.88",158
"116.26,39.89",190
"116.26,39.90",184
"116.26,39.91",259
"116.26,39.92",277
"116.26,39.93",185
"116.26,39.94",120
"116.26,39.95",122
"116.26,39.96",34
"116.26,39.97",57
"116.26,39.98",150
"116.26,39.99",27
"116.26,40.00",74
"116.26,40.01",13
"116.26,40.02",2
"116.26,40.03",4
"116.26,40.04",31
"116.26,40.05",97
"116.26,40.06",6
"116.26,40.07",4
"116.26,40.08",47
"116.26,40.09",32
"116.26,40.10",131
"116.26,40.11",89
"116.26,40.12",51
"116.26,40.13",66
"116.26,40.14",13
"116.26,40.15",1
"116.26,40.16",4
"116.26,40.17",3
"116.26,40.18",13
"116.26,40.21",2
"116.26,40.22",20
"116.26,40.23",3
"116.26,40.24",1
"116.27,39.52",1
"116.27,39.57",1
"116.27,39.58",1
"116.27,39.59",4
"116.27,39.60",4
"116.27,39.63",3
"116.27,39.64",3
"116.27,39.65",31
"116.27,39.66",17
"116.27,39.67",3
"116.27,39.68",1
"116.27,39.69",15
"116.27,39.70",5
"116.27,39.71",33
"116.27,39.72",93
"116.27,39.73",5
"116.27,39.74",1
"116.27,39.75",46
"116.27,39.76",32
"116.27,39.77",31
"116.27,39.78",15
"116.27,39.79",33
"116.27,39.80",82
"116.27,39.81",100
"116.27,39.82",169
"116.27,39.83",74
"116.27,39.84",100
"116.27,39.85",54
"116.27,39.86",45
"116.27,39.87",124
"116.27,39.88",165
"116.27,39.89",122
"116.27,39.90",170
"116.27,39.91",330
"116.27,39.92",243
"116.27,39.93",169
"116.27,39.94",115
"116.27,39.95",227
"116.27,39.96",136
"116.27,39.97",68
"116.27,39.98",34
"116.27,39.99",16
"116.27,40.00",80
"116.27,40.01",105
"116.27,40.02",120
"116.27,40.03",87
"116.27,40.04",188
"116.27,40.05",137
"116.27,40.06",58
"116.27,40.07",36
"116.27,40.08",22
"116.27,40.09",103
"116.27,40.10",199
"116.27,40.11",146
"116.27,40.12",84
"116.27,40.13",54
"116.27,40.14",13
"116.27,40.15",5
"116.27,40.16",27
"116.27,40.17",8
"116.27,40.19",10
"116.27,40.21",5
"116.27,40.23",5
"116.27,40.25",1
"116.28,39.51",2
"116.28,39.52",1
"116.28,39.55",7
"116.28,39.63",11
"116.28,39.65",21
"116.28,39.66",2
"116.28,39.68",9
"116.28,39.69",10
"116.28,39.70",45
"116.28,39.71",31
"116.28,39.72",21
"116.28,39.73",3
"116.28,39.74",6
"116.28,39.75",45
"116.28,39.76",32
"116.28,39.77",21
"116.28,39.78",129
"116.28,39.79",151
"116.28,39.80",12
"116.28,39.81",78
"116.28,39.82",195
"116.28,39.83",197
"116.28,39.84",156
"116.28,39.85",117
"116.28,39.86",84
"116.28,39.87",92
"116.28,39.88",142
"116.28,39.89",129
"116.28,39.90",197
"116.28,39.91",193
"116.28,39.92",314
"116.28,39.93",273
"116.28,39.94",247
"116.28,39.95",176
"116.28,39.96",183
"116.28,39.97",154
"116.28,39.98",13
"116.28,39.99",21
"116.28,40.00",88
"116.28,40.01",56
"116.28,40.02",201
"116.28,40.03",108
"116.28,40.04",150
"116.28,40.05",60
"116.28,40.06",52
"116.28,40.07",168
"116.28,40.08",61
"116.28,40.09",149
"116.28,40.10",215
"116.28,40.11",178
"116.28,40.12",70
"116.28,40.13",11
"116.28,40.14",27
"116.28,40.15",8
"116.28,40.17",10
"116.28,40.18",10
"116.28,40.19",6
"116.28,40.20",1
"116.28,40.21",1
"116.28,40.22",11
"116.28,40.25",4
"116.29,39.50",9
"116.29,39.52",2
"116.29,39.54",2
"116.29,39.60",1
"116.29,39.62",2
"116.29,39.64",7
"116.29,39.65",17
"116.29,39.66",19
"116.29,39.67",1
"116.29,39.68",12
"116.29,39.70",29
"116.29,39.71",19
"116.29,39.72",24
"116.29,39.73",7
"116.29,39.74",4
"116.29,39.75",50
"116.29,39.76",23
"116.29,39.77",9
"116.29,39.78",181
"116.29,39.79",48
"116.29,39.80",55
"116.29,39.81",72
"116.29,39.82",231
"116.29,39.83",124
"116.29,39.84",222
"116.29,39.85",168
"116.29,39.86",174
"116.29,39.87",143
"116.29,39.88",167
"116.29,39.89",136
"116.29,39.90",81
"116.29,39.91",161
"116.29,39.92",195
"116.29,39.93",236
"116.29,39.94",83
"116.29,39.95",143
"116.29,39.96",259
"116.29,39.97",195
"116.29,39.98",54
"116.29,39.99",70
"116.29,40.00",138
"116.29,40.01",82
"116.29,40.02",122
"116.29,40.03",115
"116.29,40.04",186
"116.29,40.05",257
"116.29,40.06",86
"116.29,40.07",92
"116.29,40.08",101
"116.29,40.09",70
"116.29,40.10",119
"116.29,40.11",44
"116.29,40.13",17
"116.29,40.14",2
"116.29,40.15",30
"116.29,40.16",6
"116.29,40.17",2
"116.29,40.18",2
"116.29,40.19",1
"116.29,40.20",14
"116.29,40.21",1
"116.29,40.22",1
"116.29,40.23",16
"116.30,39.50",1
"116.30,39.52",2
"116.30,39.55",3
"116.30,39.60",6
"116.30,39.61",7
"116.30,39.62",3
"116.30,39.63",8
"116.30,39.66",18
"116.30,39.68",18
"116.30,39.69",24
"116.30,39.70",3
"116.30,39.71",8
"116.30,39.72",36
"116.30,39.73",14
"116.30,39.74",11
"116.30,39.75",68
"116.30,39.76",38
"116.30,39.77",3
"116.30,39.78",41
"116.30,39.79",170
"116.30,39.80",47
"116.30,39.81",166
"116.30,39.82",129
"116.30,39.83",152
"116.30,39.84",161
"116.30,39.85",149
"116.30,39.86",122
"116.30,39.87",120
"116.30,39.88",118
"116.30,39.89",101
"116.30,39.90",71
"116.30,39.91",264
"116.30,39.92",177
"116.30,39.93",247
"116.30,39.94",238
"116.30,39.95",250
"116.30,39.96",211
"116.30,39.97",241
"116.30,39.98",153
"116.30,39.99",261
"116.30,40.00",116
"116.30,40.01",16
"116.30,40.02",53
"116.30,40.03",103
"116.30,40.04",178
"116.30,40.05",240
"116.30,40.06",82
"116.30,40.07",88
"116.30,40.08",74
"116.30,40.09",78
"116.30,40.10",103
"116.30,40.11",120
"116.30,40.12",25
"116.30,40.13",1
"116.30,40.14",4
"116.30,40.15",18
"116.30,40.16",10
"116.30,40.17",4
"116.30,40.19",1
"116.30,40.20",1
"116.30,40.21",8
"116.30,40.23",2
"116.31,39.48",1
"116.31,39.50",1
"116.31,39.51",5
"116.31,39.56",1
"116.31,39.58",3
"116.31,39.61",8
"116.31,39.62",1
"116.31,39.63",8
"116.31,39.64",2
"116.31,39.65",1
"116.31,39.66",39
"116.31,39.67",14
"116.31,39.68",6
"116.31,39.69",4
"116.31,39.70",2
"116.31,39.71",15
"116.31,39.72",8
"116.31,39.73",34
"116.31,39.74",4
"116.31,39.75",55
"116.31,39.76",40
"116.31,39.77",5
"116.31,39.78",23
"116.31,39.79",59
"116.31,39.80",15
"116.31,39.81",55
"116.31,39.82",142
"116.31,39.83",119
"116.31,39.84",211
"116.31,39.85",138
"116.31,39.86",130
"116.31,39.87",91
"116.31,39.88",164
"116.31,39.89",159
"116.31,39.90",138
"116.31,39.91",180
"116.31,39.92",166
"116.31,39.93",309
"116.31,39.94",243
"116.31,39.95",293
"116.31,39.96",272
"116.31,39.97",200
"116.31,39.98",280
"116.31,39.99",175
"116.31,40.00",236
"116.31,40.01",18
"116.31,40.02",155
"116.31,40.03",254
"116.31,40.04",280
"116.31,40.05",133
"116.31,40.06",55
"116.31,40.07",146
"116.31,40.08",99
"116.31,40.09",72
"116.31,40.10",72
"116.31,40.11",91
"116.31,40.12",17
"116.31,40.14",3
"116.31,40.18",1
"116.31,40.19",12
"116.31,40.22",13
"116.32,39.50",2
"116.32,39.51",3
"116.32,39.52",1
"116.32,39.53",5
"116.32,39.54",1
"116.32,39.55",1
"116.32,39.56",7
"116.32,39.57",3
"116.32,39.58",2
"116.32,39.59",2
"116.32,39.61",32
"116.32,39.62",13
"116.32,39.63",14
"116.32,39.64",15
"116.32,39.65",16
"116.32,39.66",14
"116.32,39.67",15
"116.32,39.68",4
"116.32,39.69",17
"116.32,39.70",1
"116.32,39.71",9
"116.32,39.72",18
"116.32,39.73",29
"116.32,39.74",6
"116.32,39.75",35
"116.32,39.76",12
"116.32,39.77",7
"116.32,39.78",30
"116.32,39.79",127
"116.32,39.80",88
"116.32,39.81",34
"116.32,39.82",97
"116.32,39.83",180
"116.32,39.84",161
"116.32,39.85",172
"116.32,39.86",30
"116.32,39.87",115
"116.32,39.88",165
"116.32,39.89",246
"116.32,39.90",259
"116.32,39.91",112
"116.32,39.92",203
"116.32,39.93",278
"116.32,39.94",221
"116.32,39.95",282
"116.32,39.96",273
"116.32,39.97",255
"116.32,39.98",318
"116.32,39.99",270
"116.32,40.00",185
"116.32,40.01",201
"116.32,40.02",202
"116.32,40.03",149
"116.32,40.04",83
"116.32,40.05",95
"116.32,40.06",88
"116.32,40.07",148
"116.32,40.08",84
"116.32,40.09",109
"116.32,40.10",42
"116.32,40.11",59
"116.32,40.12",33
"116.32,40.13",12
"116.32,40.14",24
"116.32,40.15",3
"116.32,40.16",1
"116.32,40.17",17
"116.32,40.18",9
"116.32,40.20",28
"116.32,40.21",33
"116.32,40.22",1
"116.32,40.41",2
"116.33,39.57",3
"116.33,39.59",2
"116.33,39.61",10
"116.33,39.63",14
"116.33,39.64",11
"116.33,39.66",8
"116.33,39.67",7
"116.33,39.68",13
"116.33,39.69",38
"116.33,39.70",15
"116.33,39.71",44
"116.33,39.72",40
"116.33,39.73",42
"116.33,39.74",38
"116.33,39.75",33
"116.33,39.76",58
"116.33,39.77",32
"116.33,39.78",57
"116.33,39.79",69
"116.33,39.80",57
"116.33,39.81",135
"116.33,39.82",86
"116.33,39.83",130
"116.33,39.84",121
"116.33,39.85",172
"116.33,39.86",67
"116.33,39.87",209
"116.33,39.88",155
"116.33,39.89",251
"116.33,39.90",222
"116.33,39.91",140
"116.33,39.92",152
"116.33,39.93",254
"116.33,39.94",259
"116.33,39.95",271
"116.33,39.96",174
"116.33,39.97",293
"116.33,39.98",292
"116.33,39.99",285
"116.33,40.00",223
"116.33,40.01",122
"116.33,40.02",144
"116.33,40.03",202
"116.33,40.04",170
"116.33,40.05",201
"116.33,40.06",148
"116.33,40.07",101
"116.33,40.08",192
"116.33,40.09",84
"116.33,40.10",81
"116.33,40.11",83
"116.33,40.12",19
"116.33,40.13",22
"116.33,40.14",6
"116.33,40.15",4
"116.33,40.18",2
"116.33,40.19",11
"116.33,40.20",36
"116.33,40.22",4
"116.34,39.46",1
"116.34,39.47",3
"116.34,39.51",9
"116.34,39.52",1
"116.34,39.54",1
"116.34,39.55",5
"116.34,39.60",2
"116.34,39.61",4
"116.34,39.62",1
"116.34,39.63",1
"116.34,39.64",11
"116.34,39.65",1
"116.34,39.67",23
"116.34,39.68",6
"116.34,39.69",11
"116.34,39.70",39
"116.34,39.71",27
"116.34,39.72",43
"116.34,39.73",104
"116.34,39.74",72
"116.34,39.75",42
"116.34,39.76",24
"116.34,39.77",13
"116.34,39.78",67
"116.34,39.79",64
"116.34,39.80",137
"116.34,39.81",83
"116.34,39.82",161
"116.34,39.83",124
"116.34,39.84",206
"116.34,39.85",247
"116.34,39.86",119
"116.34,39.87",131
"116.34,39.88",220
"116.34,39.89",212
"116.34,39.90",157
"116.34,39.91",337
"116.34,39.92",243
"116.34,39.93",279
"116.34,39.94",142
"116.34,39.95",295
"116.34,39.96",291
"116.34,39.97",214
"116.34,39.98",268
"116.34,39.99",278
"116.34,40.00",185
"116.34,40.01",112
"116.34,40.02",182
"116.34,40.03",251
"116.34,40.04",112
"116.34,40.05",117
"116.34,40.06",196
"116.34,40.07",106
"116.34,40.08",135
"116.34,40.09",103
"116.34,40.10",52
"116.34,40.11",10
"116.34,40.12",41
"116.34,40.13",20
"116.34,40.16",1
"116.34,40.17",3
"116.34,40.21",1
"116.34,40.22",5
"116.34,40.23",1
"116.34,40.34",1
"116.35,39.53",1
"116.35,39.55",11
"116.35,39.57",4
"116.35,39.59",5
"116.35,39.60",15
"116.35,39.61",1
"116.35,39.62",15
"116.35,39.63",14
"116.35,39.64",4
"116.35,39.65",2
"116.35,39.66",29
"116.35,39.67",33
"116.35,39.68",25
"116.35,39.69",24
"116.35,39.70",46
"116.35,39.71",47
"116.35,39.72",74
"116.35,39.73",50
"116.35,39.74",48
"116.35,39.75",20
"116.35,39.76",58
"116.35,39.77",34
"116.35,39.78",26
"116.35,39.79",54
"116.35,39.80",58
"116.35,39.81",99
"116.35,39.82",134
"116.35,39.83",81
"116.35,39.84",113
"116.35,39.85",108
"116.35,39.86",139
"116.35,39.87",114
"116.35,39.88",243
"116.35,39.89",190
"116.35,39.90",277
"116.35,39.91",288
"116.35,39.92",289
"116.35,39.93",279
"116.35,39.94",328
"116.35,39.95",243
"116.35,39.96",216
"116.35,39.97",231
"116.35,39.98",291
"116.35,39.99",236
"116.35,40.00",223
"116.35,40.01",216
"116.35,40.02",205
"116.35,40.03",112
"116.35,40.04",164
"116.35,40.05",112
"116.35,40.06",170
"116.35,40.07",182
"116.35,40.08",213
"116.35,40.09",132
"116.35,40.10",73
"116.35,40.11",50
"116.35,40.12",46
"116.35,40.13",1
"116.35,40.14",6
"116.35,40.16",5
"116.35,40.17",5
"116.35,40.18",1
"116.35,40.20",12
"116.35,40.21",2
"116.35,40.22",8
"116.35,40.23",10
"116.36,39.51",1
"116.36,39.53",1
"116.36,39.57",5
"116.36,39.59",7
"116.36,39.60",6
"116.36,39.61",10
"116.36,39.64",4
"116.36,39.66",26
"116.36,39.67",4
"116.36,39.68",8
"116.36,39.69",13
"116.36,39.70",26
"116.36,39.71",18
"116.36,39.72",39
"116.36,39.73",1
"116.36,39.74",27
"116.36,39.75",24
"116.36,39.76",55
"116.36,39.77",24
"116.36,39.78",29
"116.36,39.79",128
"116.36,39.80",20
"116.36,39.81",161
"116.36,39.82",59
"116.36,39.83",90
"116.36,39.84",104
"116.36,39.85",98
"116.36,39.86",94
"116.36,39.87",215
"116.36,39.88",243
"116.36,39.89",191
"116.36,39.90",277
"116.36,39.91",309
"116.36,39.92",203
"116.36,39.93",328
"116.36,39.94",248
"116.36,39.95",225
"116.36,39.96",233
"116.36,39.97",218
"116.36,39.98",265
"116.36,39.99",242
"116.36,40.00",155
"116.36,40.01",90
"116.36,40.02",113
"116.36,40.03",172
"116.36,40.04",107
"116.36,40.05",113
"116.36,40.06",182
"116.36,40.07",202
"116.36,40.08",193
"116.36,40.09",160
"116.36,40.10",72
"116.36,40.11",96
"116.36,40.12",66
"116.36,40.13",25
"116.36,40.16",2
"116.36,40.18",1
"116.36,40.19",1
"116.36,40.22",3
"116.36,40.23",8
"116.36,40.24",13
"116.36,40.25",1
"116.37,39.53",4
"116.37,39.55",8
"116.37,39.57",1
"116.37,39.62",11
"116.37,39.64",2
"116.37,39.65",17
"116.37,39.66",6
"116.37,39.67",11
"116.37,39.68",1
"116.37,39.69",5
"116.37,39.70",19
"116.37,39.71",9
"116.37,39.72",22
"116.37,39.73",40
"116.37,39.74",22
"116.37,39.75",6
"116.37,39.76",16
"116.37,39.77",50
"116.37,39.78",59
"116.37,39.79",85
"116.37,39.80",75
"116.37,39.81",80
"116.37,39.82",38
"116.37,39.83",43
"116.37,39.84",183
"116.37,39.85",216
"116.37,39.86",171
"116.37,39.87",173
"116.37,39.88",215
"116.37,39.89",290
"116.37,39.90",301
"116.37,39.91",327
"116.37,39.92",286
"116.37,39.93",272
"116.37,39.94",270
"116.37,39.95",284
"116.37,39.96",199
"116.37,39.97",218
"116.37,39.98",220
"116.37,39.99",177
"116.37,40.00",182
"116.37,40.01",168
"116.37,40.02",89
"116.37,40.03",231
"116.37,40.04",220
"116.37,40.05",83
"116.37,40.06",188
"116.37,40.07",154
"116.37,40.08",245
"116.37,40.09",197
"116.37,40.10",157
"116.37,40.11",124
"116.37,40.12",49
"116.37,40.14",1
"116.37,40.17",1
"116.37,40.18",1
"116.37,40.19",1
"116.37,40.22",1
"116.37,40.25",2
"116.38,39.52",4
"116.38,39.55",2
"116.38,39.63",7
"116.38,39.64",4
"116.38,39.65",13
"116.38,39.66",2
"116.38,39.67",10
"116.38,39.68",5
"116.38,39.69",9
"116.38,39.70",36
"116.38,39.71",36
"116.38,39.72",73
"116.38,39.73",4
"116.38,39.74",41
"116.38,39.75",50
"116.38,39.76",107
"116.38,39.77",134
"116.38,39.78",116
"116.38,39.79",12
"116.38,39.80",128
"116.38,39.81",67
"116.38,39.82",16
"116.38,39.83",136
"116.38,39.84",170
"116.38,39.85",149
"116.38,39.86",168
"116.38,39.87",176
"116.38,39.88",261
"116.38,39.89",234
"116.38,39.90",305
"116.38,39.91",196
"116.38,39.92",124
"116.38,39.93",241
"116.38,39.94",252
"116.38,39.95",175
"116.38,39.96",263
"116.38,39.97",204
"116.38,39.98",188
"116.38,39.99",182
"116.38,40.00",185
"116.38,40.01",145
"116.38,40.02",35
"116.38,40.03",108
"116.38,40.04",90
"116.38,40.05",57
"116.38,40.06",205
"116.38,40.07",183
"116.38,40.08",190
"116.38,40.09",83
"116.38,40.10",115
"116.38,40.11",53
"116.38,40.12",20
"116.38,40.13",10
"116.38,40.14",3
"116.38,40.15",30
"116.38,40.16",8
"116.38,40.17",8
"116.38,40.18",1
"116.38,40.20",1
"116.38,40.21",2
"116.38,40.22",10
"116.38,40.23",8
"116.38,40.24",2
"116.39,39.51",2
"116.39,39.53",1
"116.39,39.54",1
"116.39,39.60",1
"116.39,39.62",11
"116.39,39.63",4
"116.39,39.64",3
"116.39,39.65",7
"116.39,39.66",4
"116.39,39.67",7
"116.39,39.68",11
"116.39,39.70",7
"116.39,39.71",12
"116.39,39.72",15
"116.39,39.73",14
"116.39,39.75",46
"116.39,39.76",49
"116.39,39.77",54
"116.39,39.78",23
"116.39,39.79",33
"116.39,39.80",89
"116.39,39.81",106
"116.39,39.82",66
"116.39,39.83",54
"116.39,39.84",215
"116.39,39.85",180
"116.39,39.86",208
"116.39,39.87",277
"116.39,39.88",251
"116.39,39.89",305
"116.39,39.90",297
"116.39,39.91",73
"116.39,39.92",63
"116.39,39.93",124
"116.39,39.94",212
"116.39,39.95",249
"116.39,39.96",154
"116.39,39.97",166
"116.39,39.98",218
"116.39,39.99",168
"116.39,40.00",186
"116.39,40.01",81
"116.39,40.02",44
"116.39,40.03",8
"116.39,40.04",32
"116.39,40.05",11
"116.39,40.06",79
"116.39,40.07",51
"116.39,40.08",89
"116.39,40.09",116
"116.39,40.10",65
"116.39,40.11",76
"116.39,40.12",42
"116.39,40.13",8
"116.39,40.16",1
"116.39,40.17",13
"116.39,40.18",12
"116.39,40.19",19
"116.39,40.24",11
"116.40,39.50",2
"116.40,39.51",1
"116.40,39.56",1
"116.40,39.58",5
"116.40,39.61",5
"116.40,39.62",5
"116.40,39.63",2
"116.40,39.64",6
"116.40,39.66",3
"116.40,39.69",1
"116.40,39.70",30
"116.40,39.71",18
"116.40,39.72",25
"116.40,39.74",14
"116.40,39.75",49
"116.40,39.76",8
"116.40,39.77",38
"116.40,39.78",13
"116.40,39.79",30
"116.40,39.80",104
"116.40,39.81",193
"116.40,39.82",119
"116.40,39.83",101
"116.40,39.84",182
"116.40,39.85",134
"116.40,39.86",267
"116.40,39.87",163
"116.40,39.88",174
"116.40,39.89",211
"116.40,39.90",197
"116.40,39.91",87
"116.40,39.92",71
"116.40,39.93",148
"116.40,39.94",220
"116.40,39.95",259
"116.40,39.96",137
"116.40,39.97",220
"116.40,39.98",115
"116.40,39.99",162
"116.40,40.00",175
"116.40,40.01",90
"116.40,40.02",2
"116.40,40.03",61
"116.40,40.04",91
"116.40,40.05",107
"116.40,40.06",123
"116.40,40.07",80
"116.40,40.08",87
"116.40,40.09",54
"116.40,40.10",39
"116.40,40.11",43
"116.40,40.12",20
"116.40,40.13",37
"116.40,40.15",14
"116.40,40.16",5
"116.40,40.17",1
"116.40,40.18",4
"116.40,40.19",15
"116.40,40.20",3
"116.40,40.21",6
"116.40,40.22",5
"116.40,40.24",4
"116.40,40.27",1
"116.41,39.50",2
"116.41,39.51",1
"116.41,39.53",14
"116.41,39.54",2
"116.41,39.56",1
"116.41,39.57",1
"116.41,39.59",1
"116.41,39.62",6
"116.41,39.64",6
"116.41,39.67",17
"116.41,39.68",2
"116.41,39.69",14
"116.41,39.70",9
"116.41,39.72",21
"116.41,39.73",2
"116.41,39.74",20
"116.41,39.75",9
"116.41,39.76",56
"116.41,39.77",70
"116.41,39.78",48
"116.41,39.79",44
"116.41,39.80",99
"116.41,39.81",127
"116.41,39.82",85
"116.41,39.83",59
"116.41,39.84",158
"116.41,39.85",196
"116.41,39.86",226
"116.41,39.87",154
"116.41,39.88",10
"116.41,39.89",205
"116.41,39.90",275
"116.41,39.91",286
"116.41,39.92",253
"116.41,39.93",280
"116.41,39.94",291
"116.41,39.95",269
"116.41,39.96",256
"116.41,39.97",325
"116.41,39.98",241
"116.41,39.99",210
"116.41,40.00",188
"116.41,40.01",94
"116.41,40.02",56
"116.41,40.03",110
"116.41,40.04",125
"116.41,40.05",234
"116.41,40.06",262
"116.41,40.07",237
"116.41,40.08",165
"116.41,40.09",138
"116.41,40.10",93
"116.41,40.11",67
"116.41,40.12",54
"116.41,40.13",74
"116.41,40.14",7
"116.41,40.15",18
"116.41,40.17",7
"116.41,40.18",21
"116.41,40.20",2
"116.41,40.21",15
"116.41,40.22",10
"116.41,40.23",1
"116.42,39.46",1
"116.42,39.51",6
"116.42,39.52",6
"116.42,39.56",5
"116.42,39.58",4
"116.42,39.59",7
"116.42,39.61",5
"116.42,39.63",6
"116.42,39.65",5
"116.42,39.66",6
"116.42,39.67",9
"116.42,39.69",9
"116.42,39.70",7
"116.42,39.71",18
"116.42,39.72",20
"116.42,39.73",12
"116.42,39.74",5
"116.42,39.76",17
"116.42,39.77",39
"116.42,39.78",113
"116.42,39.79",84
"116.42,39.80",138
"116.42,39.81",146
"116.42,39.82",108
"116.42,39.83",84
"116.42,39.84",196
"116.42,39.85",201
"116.42,39.86",222
"116.42,39.87",195
"116.42,39.88",162
"116.42,39.89",232
"116.42,39.90",263
"116.42,39.91",296
"116.42,39.92",292
"116.42,39.93",217
"116.42,39.94",247
"116.42,39.95",239
"116.42,39.96",237
"116.42,39.97",258
"116.42,39.98",256
"116.42,39.99",162
"116.42,40.00",234
"116.42,40.01",45
"116.42,40.02",92
"116.42,40.03",202
"116.42,40.04",123
"116.42,40.05",127
"116.42,40.06",200
"116.42,40.07",152
"116.42,40.08",91
"116.42,40.09",144
"116.42,40.10",200
"116.42,40.11",66
"116.42,40.12",80
"116.42,40.13",20
"116.42,40.14",10
"116.42,40.15",21
"116.42,40.16",1
"116.42,40.17",10
"116.42,40.18",2
"116.42,40.20",13
"116.42,40.22",1
"116.42,40.23",5
"116.42,40.24",1
"116.43,39.54",2
"116.43,39.56",1
"116.43,39.57",2
"116.43,39.61",2
"116.43,39.62",2
"116.43,39.65",3
"116.43,39.68",11
"116.43,39.69",6
"116.43,39.70",4
"116.43,39.71",1
"116.43,39.72",18
"116.43,39.73",28
"116.43,39.74",23
"116.43,39.75",14
"116.43,39.76",8
"116.43,39.77",9
"116.43,39.78",65
"116.43,39.79",66
"116.43,39.80",154
"116.43,39.81",140
"116.43,39.82",74
"116.43,39.83",113
"116.43,39.84",122
"116.43,39.85",213
"116.43,39.86",234
"116.43,39.87",196
"116.43,39.88",97
"116.43,39.89",199
"116.43,39.90",230
"116.43,39.91",307
"116.43,39.92",283
"116.43,39.93",296
"116.43,39.94",298
"116.43,39.95",302
"116.43,39.96",271
"116.43,39.97",271
"116.43,39.98",220
"116.43,39.99",194
"116.43,40.00",157
"116.43,40.01",58
"116.43,40.02",88
"116.43,40.03",131
"116.43,40.04",193
"116.43,40.05",154
"116.43,40.06",171
"116.43,40.07",201
"116.43,40.08",153
"116.43,40.09",36
"116.43,40.10",75
"116.43,40.11",113
"116.43,40.12",27
"116.43,40.13",70
"116.43,40.14",28
"116.43,40.15",5
"116.43,40.16",3
"116.43,40.18",1
"116.44,39.53",4
"116.44,39.54",1
"116.44,39.56",1
"116.44,39.62",2
"116.44,39.64",1
"116.44,39.67",3
"116.44,39.68",3
"116.44,39.69",6
"116.44,39.70",12
"116.44,39.71",11
"116.44,39.72",10
"116.44,39.73",10
"116.44,39.74",1
"116.44,39.75",9
"116.44,39.76",26
"116.44,39.77",31
"116.44,39.78",38
"116.44,39.79",44
"116.44,39.80",107
"116.44,39.81",93
"116.44,39.82",69
"116.44,39.83",138
"116.44,39.84",190
"116.44,39.85",161
"116.44,39.86",168
"116.44,39.87",239
"116.44,39.88",136
"116.44,39.89",181
"116.44,39.90",176
"116.44,39.91",277
"116.44,39.92",297
"116.44,39.93",268
"116.44,39.94",261
"116.44,39.95",258
"116.44,39.96",254
"116.44,39.97",214
"116.44,39.98",102
"116.44,39.99",159
"116.44,40.00",35
"116.44,40.01",59
"116.44,40.02",149
"116.44,40.03",168
"116.44,40.04",142
"116.44,40.05",210
"116.44,40.06",124
"116.44,40.07",211
"116.44,40.08",157
"116.44,40.09",66
"116.44,40.10",33
"116.44,40.11",13
"116.44,40.12",22
"116.44,40.13",25
"116.44,40.14",1
"116.44,40.17",15
"116.44,40.21",3
"116.44,40.22",13
"116.44,40.24",7
"116.45,39.56",1
"116.45,39.57",1
"116.45,39.67",6
"116.45,39.68",9
"116.45,39.70",1
"116.45,39.71",5
"116.45,39.73",18
"116.45,39.74",7
"116.45,39.75",10
"116.45,39.76",11
"116.45,39.77",5
"116.45,39.78",19
"116.45,39.79",64
"116.45,39.80",92
"116.45,39.81",126
"116.45,39.82",136
"116.45,39.83",202
"116.45,39.84",187
"116.45,39.85",234
"116.45,39.86",220
"116.45,39.87",232
"116.45,39.88",220
"116.45,39.89",159
"116.45,39.90",169
"116.45,39.91",251
"116.45,39.92",288
"116.45,39.93",285
"116.45,39.94",221
"116.45,39.95",274
"116.45,39.96",294
"116.45,39.97",254
"116.45,39.98",107
"116.45,39.99",127
"116.45,40.00",101
"116.45,40.01",47
"116.45,40.02",182
"116.45,40.03",139
"116.45,40.04",102
"116.45,40.05",70
"116.45,40.06",56
"116.45,40.07",147
"116.45,40.08",97
"116.45,40.09",76
"116.45,40.10",8
"116.45,40.11",5
"116.45,40.12",8
"116.45,40.13",1
"116.45,40.14",1
"116.45,40.15",12
"116.45,40.16",3
"116.45,40.18",6
"116.45,40.20",11
"116.45,40.21",6
"116.45,40.23",2
"116.46,39.57",3
"116.46,39.60",1
"116.46,39.61",4
"116.46,39.62",5
"116.46,39.63",1
"116.46,39.65",6
"116.46,39.66",4
"116.46,39.68",2
"116.46,39.69",10
"116.46,39.71",3
"116.46,39.72",34
"116.46,39.73",26
"116.46,39.74",12
"116.46,39.76",3
"116.46,39.77",16
"116.46,39.78",1
"116.46,39.79",29
"116.46,39.80",111
"116.46,39.81",131
"116.46,39.82",245
"116.46,39.83",165
"116.46,39.84",230
"116.46,39.85",140
"116.46,39.86",210
"116.46,39.87",252
"116.46,39.88",307
"116.46,39.89",217
"116.46,39.90",243
"116.46,39.91",301
"116.46,39.92",308
"116.46,39.93",309
"116.46,39.94",211
"116.46,39.95",245
"116.46,39.96",295
"116.46,39.97",199
"116.46,39.98",265
"116.46,39.99",237
"116.46,40.00",165
"116.46,40.01",172
"116.46,40.02",172
"116.46,40.03",89
"116.46,40.04",118
"116.46,40.05",67
"116.46,40.06",98
"116.46,40.07",25
"116.46,40.08",63
"116.46,40.10",9
"116.46,40.11",19
"116.46,40.12",4
"116.46,40.13",1
"116.46,40.14",3
"116.46,40.16",6
"116.46,40.17",11
"116.46,40.18",1
"116.46,40.19",2
"116.46,40.23",7
"116.46,40.36",1
"116.47,39.58",1
"116.47,39.61",3
"116.47,39.62",8
"116.47,39.63",6
"116.47,39.66",6
"116.47,39.68",2
"116.47,39.69",12
"116.47,39.70",15
"116.47,39.71",23
"116.47,39.72",13
"116.47,39.73",24
"116.47,39.76",8
"116.47,39.78",2
"116.47,39.79",10
"116.47,39.80",25
"116.47,39.81",101
"116.47,39.82",101
"116.47,39.83",160
"116.47,39.84",192
"116.47,39.85",180
"116.47,39.86",236
"116.47,39.87",196
"116.47,39.88",231
"116.47,39.89",181
"116.47,39.90",273
"116.47,39.91",305
"116.47,39.92",251
"116.47,39.93",225
"116.47,39.94",165
"116.47,39.95",216
"116.47,39.96",110
"116.47,39.97",179
"116.47,39.98",271
"116.47,39.99",264
"116.47,40.00",213
"116.47,40.01",238
"116.47,40.02",121
"116.47,40.03",118
"116.47,40.04",117
"116.47,40.05",41
"116.47,40.06",36
"116.47,40.08",37
"116.47,40.09",41
"116.47,40.10",5
"116.47,40.11",16
"116.47,40.12",3
"116.47,40.13",12
"116.47,40.14",1
"116.47,40.15",13
"116.47,40.18",15
"116.47,40.19",7
"116.48,39.56",4
"116.48,39.64",1
"116.48,39.68",9
"116.48,39.71",12
"116.48,39.72",11
"116.48,39.73",16
"116.48,39.75",17
"116.48,39.76",19
"116.48,39.77",2
"116.48,39.78",9
"116.48,39.79",38
"116.48,39.80",89
"116.48,39.81",111
"116.48,39.82",69
"116.48,39.83",92
"116.48,39.84",195
"116.48,39.85",220
"116.48,39.86",226
"116.48,39.87",258
"116.48,39.88",257
"116.48,39.89",237
"116.48,39.90",218
"116.48,39.91",267
"116.48,39.92",253
"116.48,39.93",257
"116.48,39.94",73
"116.48,39.95",45
"116.48,39.96",169
"116.48,39.97",276
"116.48,39.98",279
"116.48,39.99",324
"116.48,40.00",252
"116.48,40.01",210
"116.48,40.02",131
"116.48,40.03",77
"116.48,40.04",120
"116.48,40.05",98
"116.48,40.06",23
"116.48,40.07",9
"116.48,40.08",34
"116.48,40.09",28
"116.48,40.10",1
"116.48,40.11",5
"116.48,40.12",11
"116.48,40.13",12
"116.48,40.14",48
"116.48,40.15",11
"116.48,40.16",2
"116.48,40.17",4
"116.48,40.18",10
"116.48,40.19",9
"116.48,40.24",3
"116.49,39.53",1
"116.49,39.58",5
"116.49,39.60",3
"116.49,39.61",5
"116.49,39.62",1
"116.49,39.63",2
"116.49,39.64",1
"116.49,39.65",2
"116.49,39.68",1
"116.49,39.70",21
"116.49,39.71",4
"116.49,39.72",14
"116.49,39.73",9
"116.49,39.74",1
"116.49,39.75",14
"116.49,39.76",23
"116.49,39.77",6
"116.49,39.78",35
"116.49,39.79",43
"116.49,39.80",121
"116.49,39.81",98
"116.49,39.82",67
"116.49,39.83",80
"116.49,39.84",158
"116.49,39.85",177
"116.49,39.86",183
"116.49,39.87",173
"116.49,39.88",232
"116.49,39.89",215
"116.49,39.90",251
"116.49,39.91",157
"116.49,39.92",262
"116.49,39.93",178
"116.49,39.94",279
"116.49,39.95",77
"116.49,39.96",240
"116.49,39.97",236
"116.49,39.98",294
"116.49,39.99",222
"116.49,40.00",221
"116.49,40.01",93
"116.49,40.02",81
"116.49,40.03",139
"116.49,40.04",94
"116.49,40.05",45
"116.49,40.06",12
"116.49,40.08",7
"116.49,40.09",25
"116.49,40.10",29
"116.49,40.11",10
"116.49,40.12",14
"116.49,40.13",10
"116.49,40.14",28
"116.49,40.15",6
"116.49,40.16",16
"116.49,40.17",19
"116.49,40.20",2
"116.49,40.21",9
"116.49,40.22",4
"116.49,40.24",5
"116.50,39.57",5
"116.50,39.58",1
"116.50,39.61",4
"116.50,39.62",2
"116.50,39.63",3
"116.50,39.65",2
"116.50,39.68",5
"116.50,39.69",13
"116.50,39.70",10
"116.50,39.72",8
"116.50,39.73",4
"116.50,39.74",9
"116.50,39.75",3
"116.50,39.76",11
"116.50,39.77",25
"116.50,39.78",15
"116.50,39.79",41
"116.50,39.80",95
"116.50,39.81",55
"116.50,39.82",86
"116.50,39.83",197
"116.50,39.84",177
"116.50,39.85",181
"116.50,39.86",157
"116.50,39.87",236
"116.50,39.88",191
"116.50,39.89",79
"116.50,39.90",196
"116.50,39.91",164
"116.50,39.92",239
"116.50,39.93",206
"116.50,39.94",231
"116.50,39.95",159
"116.50,39.96",258
"116.50,39.97",168
"116.50,39.98",193
"116.50,39.99",133
"116.50,40.00",180
"116.50,40.01",160
"116.50,40.02",120
"116.50,40.03",115
"116.50,40.04",95
"116.50,40.05",4
"116.50,40.08",28
"116.50,40.09",7
"116.50,40.10",35
"116.50,40.14",8
"116.50,40.15",2
"116.50,40.16",17
"116.50,40.17",31
"116.50,40.18",7
"116.50,40.21",4
"116.50,40.25",4
"116.51,39.61",4
"116.51,39.62",1
"116.51,39.64",5
"116.51,39.67",14
"116.51,39.68",26
"116.51,39.70",1
"116.51,39.71",20
"116.51,39.72",4
"116.51,39.73",18
"116.51,39.74",1
"116.51,39.75",3
"116.51,39.76",4
"116.51,39.77",31
"116.51,39.78",12
"116.51,39.79",130
"116.51,39.80",114
"116.51,39.81",31
"116.51,39.82",85
"116.51,39.83",80
"116.51,39.84",169
"116.51,39.85",215
"116.51,39.86",254
"116.51,39.87",280
"116.51,39.88",181
"116.51,39.89",206
"116.51,39.90",217
"116.51,39.91",178
"116.51,39.92",224
"116.51,39.93",178
"116.51,39.94",197
"116.51,39.95",228
"116.51,39.96",177
"116.51,39.97",76
"116.51,39.98",152
"116.51,39.99",127
"116.51,40.00",177
"116.51,40.01",182
"116.51,40.02",123
"116.51,40.03",56
"116.51,40.04",165
"116.51,40.05",35
"116.51,40.06",64
"116.51,40.07",2
"116.51,40.08",2
"116.51,40.09",8
"116.51,40.10",36
"116.51,40.11",2
"116.51,40.12",12
"116.51,40.13",14
"116.51,40.14",12
"116.51,40.15",2
"116.51,40.16",10
"116.51,40.17",15
"116.51,40.18",8
"116.51,40.19",14
"116.51,40.20",1
"116.51,40.21",1
"116.51,40.22",5
"116.52,39.60",1
"116.52,39.63",4
"116.52,39.65",4
"116.52,39.66",2
"116.52,39.67",1
"116.52,39.68",4
"116.52,39.70",4
"116.52,39.73",14
"116.52,39.75",11
"116.52,39.77",7
"116.52,39.78",113
"116.52,39.79",57
"116.52,39.80",31
"116.52,39.81",16
"116.52,39.82",63
"116.52,39.83",20
"116.52,39.84",180
"116.52,39.85",165
"116.52,39.86",196
"116.52,39.87",186
"116.52,39.88",148
"116.52,39.89",167
"116.52,39.90",239
"116.52,39.91",193
"116.52,39.92",202
"116.52,39.93",157
"116.52,39.94",188
"116.52,39.95",157
"116.52,39.96",110
"116.52,39.97",45
"116.52,39.98",86
"116.52,39.99",75
"116.52,40.00",95
"116.52,40.01",164
"116.52,40.02",109
"116.52,40.03",44
"116.52,40.04",38
"116.52,40.05",39
"116.52,40.06",58
"116.52,40.07",24
"116.52,40.08",20
"116.52,40.09",24
"116.52,40.10",3
"116.52,40.11",6
"116.52,40.12",19
"116.52,40.13",4
"116.52,40.14",7
"116.52,40.15",16
"116.52,40.17",4
"116.52,40.20",3
"116.52,40.21",4
"116.52,40.23",1
"116.52,40.25",2
"116.52,40.27",3
"116.53,39.60",3
"116.53,39.61",1
"116.53,39.63",1
"116.53,39.66",6
"116.53,39.67",20
"116.53,39.68",1
"116.53,39.70",26
"116.53,39.72",7
"116.53,39.74",4
"116.53,39.75",1
"116.53,39.76",2
"116.53,39.77",37
"116.53,39.78",43
"116.53,39.79",9
"116.53,39.80",83
"116.53,39.81",85
"116.53,39.82",45
"116.53,39.83",28
"116.53,39.84",198
"116.53,39.85",165
"116.53,39.86",154
"116.53,39.87",211
"116.53,39.88",108
"116.53,39.89",86
"116.53,39.90",177
"116.53,39.91",165
"116.53,39.92",218
"116.53,39.93",163
"116.53,39.94",242
"116.53,39.95",76
"116.53,39.96",120
"116.53,39.97",121
"116.53,39.98",157
"116.53,39.99",43
"116.53,40.00",110
"116.53,40.01",240
"116.53,40.02",46
"116.53,40.03",78
"116.53,40.04",68
"116.53,40.05",43
"116.53,40.06",31
"116.53,40.07",14
"116.53,40.08",36
"116.53,40.09",53
"116.53,40.10",13
"116.53,40.11",4
"116.53,40.12",9
"116.53,40.13",17
"116.53,40.14",3
"116.53,40.15",7
"116.53,40.16",1
"116.53,40.20",2
"116.53,40.22",4
"116.53,40.24",1
"116.54,39.59",3
"116.54,39.61",2
"116.54,39.64",9
"116.54,39.68",3
"116.54,39.69",30
"116.54,39.72",23
"116.54,39.73",24
"116.54,39.74",26
"116.54,39.75",22
"116.54,39.76",44
"116.54,39.77",82
"116.54,39.78",12
"116.54,39.79",26
"116.54,39.80",17
"116.54,39.81",18
"116.54,39.82",18
"116.54,39.83",45
"116.54,39.84",86
"116.54,39.85",108
"116.54,39.86",166
"116.54,39.87",158
"116.54,39.88",93
"116.54,39.89",97
"116.54,39.90",175
"116.54,39.91",213
"116.54,39.92",176
"116.54,39.93",212
"116.54,39.94",208
"116.54,39.95",97
"116.54,39.96",98
"116.54,39.97",125
"116.54,39.98",72
"116.54,40.00",29
"116.54,40.01",80
"116.54,40.02",79
"116.54,40.03",74
"116.54,40.04",80
"116.54,40.05",17
"116.54,40.06",25
"116.54,40.07",17
"116.54,40.08",4
"116.54,40.09",13
"116.54,40.10",2
"116.54,40.11",18
"116.54,40.12",28
"116.54,40.13",1
"116.54,40.15",16
"116.54,40.16",21
"116.54,40.19",1
"116.54,40.23",4
"116.54,40.29",3
"116.55,39.67",12
"116.55,39.69",14
"116.55,39.71",3
"116.55,39.72",38
"116.55,39.73",28
"116.55,39.74",49
"116.55,39.75",39
"116.55,39.76",132
"116.55,39.77",36
"116.55,39.78",35
"116.55,39.79",36
"116.55,39.80",50
"116.55,39.81",33
"116.55,39.82",71
"116.55,39.83",60
"116.55,39.84",32
"116.55,39.85",101
"116.55,39.86",127
"116.55,39.87",129
"116.55,39.88",138
"116.55,39.89",91
"116.55,39.90",133
"116.55,39.91",192
"116.55,39.92",221
"116.55,39.93",99
"116.55,39.94",134
"116.55,39.95",155
"116.55,39.96",151
"116.55,39.97",146
"116.55,39.98",22
"116.55,39.99",47
"116.55,40.00",84
"116.55,40.01",171
"116.55,40.02",49
"116.55,40.03",69
"116.55,40.04",32
"116.55,40.05",4
"116.55,40.06",10
"116.55,40.07",38
"116.55,40.08",13
"116.55,40.09",8
"116.55,40.10",32
"116.55,40.11",16
"116.55,40.12",4
"116.55,40.13",18
"116.55,40.14",4
"116.55,40.15",9
"116.55,40.16",26
"116.55,40.17",2
"116.55,40.18",6
"116.55,40.19",2
"116.55,40.20",3
"116.55,40.23",1
"116.55,40.25",1
"116.55,40.26",3
"116.55,40.28",5
"116.55,40.34",1
"116.56,39.64",1
"116.56,39.65",2
"116.56,39.67",3
"116.56,39.69",34
"116.56,39.72",49
"116.56,39.73",72
"116.56,39.74",6
"116.56,39.75",41
"116.56,39.76",118
"116.56,39.77",16
"116.56,39.78",77
"116.56,39.79",22
"116.56,39.80",77
"116.56,39.81",44
"116.56,39.82",1
"116.56,39.83",16
"116.56,39.84",4
"116.56,39.85",121
"116.56,39.86",120
"116.56,39.87",142
"116.56,39.88",61
"116.56,39.89",87
"116.56,39.90",175
"116.56,39.91",111
"116.56,39.92",210
"116.56,39.93",121
"116.56,39.94",206
"116.56,39.95",150
"116.56,39.96",151
"116.56,39.97",66
"116.56,39.98",32
"116.56,39.99",10
"116.56,40.00",65
"116.56,40.01",137
"116.56,40.02",54
"116.56,40.03",47
"116.56,40.04",19
"116.56,40.05",11
"116.56,40.06",18
"116.56,40.07",11
"116.56,40.08",27
"116.56,40.09",24
"116.56,40.10",16
"116.56,40.11",39
"116.56,40.13",9
"116.56,40.14",13
"116.56,40.15",21
"116.56,40.17",1
"116.56,40.19",2
"116.56,40.20",1
"116.56,40.22",3
"116.56,40.23",1
"116.56,40.40",2
"116.57,39.64",1
"116.57,39.65",6
"116.57,39.66",4
"116.57,39.68",1
"116.57,39.69",15
"116.57,39.70",19
"116.57,39.71",2
"116.57,39.72",26
"116.57,39.73",19
"116.57,39.74",36
"116.57,39.75",12
"116.57,39.76",29
"116.57,39.77",10
"116.57,39.78",3
"116.57,39.79",12
"116.57,39.80",61
"116.57,39.81",15
"116.57,39.82",12
"116.57,39.83",16
"116.57,39.84",60
"116.57,39.85",181
"116.57,39.86",81
"116.57,39.87",117
"116.57,39.88",90
"116.57,39.89",76
"116.57,39.90",186
"116.57,39.91",219
"116.57,39.92",125
"116.57,39.93",95
"116.57,39.94",153
"116.57,39.95",79
"116.57,39.96",180
"116.57,39.97",19
"116.57,39.98",66
"116.57,39.99",91
"116.57,40.00",108
"116.57,40.01",167
"116.57,40.03",3
"116.57,40.04",36
"116.57,40.05",5
"116.57,40.06",43
"116.57,40.07",15
"116.57,40.08",50
"116.57,40.09",23
"116.57,40.10",21
"116.57,40.11",3
"116.57,40.12",15
"116.57,40.13",5
"116.57,40.14",31
"116.57,40.15",4
"116.57,40.16",3
"116.57,40.17",6
"116.57,40.20",2
"116.57,40.25",1
"116.58,39.62",12
"116.58,39.63",7
"116.58,39.66",1
"116.58,39.67",10
"116.58,39.68",2
"116.58,39.69",1
"116.58,39.70",6
"116.58,39.71",2
"116.58,39.73",3
"116.58,39.74",22
"116.58,39.75",6
"116.58,39.76",31
"116.58,39.77",6
"116.58,39.78",17
"116.58,39.79",41
"116.58,39.80",62
"116.58,39.81",55
"116.58,39.82",54
"116.58,39.83",33
"116.58,39.84",57
"116.58,39.85",95
"116.58,39.86",41
"116.58,39.87",61
"116.58,39.88",65
"116.58,39.89",128
"116.58,39.90",182
"116.58,39.91",179
"116.58,39.92",108
"116.58,39.93",100
"116.58,39.94",33
"116.58,39.95",66
"116.58,39.96",138
"116.58,39.97",138
"116.58,39.98",70
"116.58,39.99",50
"116.58,40.00",169
"116.58,40.01",131
"116.58,40.02",4
"116.58,40.03",16
"116.58,40.06",18
"116.58,40.07",22
"116.58,40.08",32
"116.58,40.09",7
"116.58,40.10",8
"116.58,40.14",3
"116.58,40.17",1
"116.58,40.18",1
"116.58,40.29",1
"116.58,40.31",2
"116.58,40.44",1
"116.59,39.65",3
"116.59,39.66",1
"116.59,39.68",12
"116.59,39.69",21
"116.59,39.70",6
"116.59,39.71",21
"116.59,39.73",24
"116.59,39.74",22
"116.59,39.76",2
"116.59,39.77",49
"116.59,39.78",18
"116.59,39.79",28
"116.59,39.80",39
"116.59,39.81",16
"116.59,39.82",28
"116.59,39.83",89
"116.59,39.84",99
"116.59,39.85",90
"116.59,39.86",118
"116.59,39.87",99
"116.59,39.88",80
"116.59,39.89",74
"116.59,39.90",155
"116.59,39.91",141
"116.59,39.92",233
"116.59,39.93",124
"116.59,39.94",73
"116.59,39.95",58
"116.59,39.97",55
"116.59,39.98",12
"116.59,39.99",23
"116.59,40.00",75
"116.59,40.01",68
"116.59,40.02",20
"116.59,40.03",9
"116.59,40.04",40
"116.59,40.05",56
"116.59,40.06",37
"116.59,40.07",21
"116.59,40.08",10
"116.59,40.09",11
"116.59,40.10",5
"116.59,40.13",2
"116.59,40.14",9
"116.59,40.15",10
"116.59,40.20",2
"116.59,40.21",2
"116.59,40.29",4
"116.60,39.64",5
"116.60,39.66",10
"116.60,39.67",3
"116.60,39.68",19
"116.60,39.73",2
"116.60,39.74",39
"116.60,39.75",13
"116.60,39.76",6
"116.60,39.79",11
"116.60,39.80",9
"116.60,39.81",28
"116.60,39.82",6
"116.60,39.83",15
"116.60,39.84",46
"116.60,39.85",68
"116.60,39.86",94
"116.60,39.87",25
"116.60,39.88",141
"116.60,39.89",204
"116.60,39.90",199
"116.60,39.91",146
"116.60,39.92",211
"116.60,39.93",89
"116.60,39.95",13
"116.60,39.96",32
"116.60,39.98",102
"116.60,39.99",84
"116.60,40.00",104
"116.60,40.02",40
"116.60,40.03",21
"116.60,40.04",23
"116.60,40.05",10
"116.60,40.06",9
"116.60,40.07",2
"116.60,40.08",6
"116.60,40.10",1
"116.60,40.11",1
"116.60,40.12",12
"116.60,40.13",14
"116.60,40.14",5
"116.60,40.21",5
"116.60,40.23",3
"116.60,40.26",3
"116.60,40.30",1
"116.61,39.61",7
"116.61,39.62",3
"116.61,39.63",7
"116.61,39.65",1
"116.61,39.67",1
"116.61,39.70",2
"116.61,39.71",13
"116.61,39.73",8
"116.61,39.74",26
"116.61,39.75",14
"116.61,39.76",43
"116.61,39.78",2
"116.61,39.79",2
"116.61,39.80",8
"116.61,39.81",5
"116.61,39.83",14
"116.61,39.84",55
"116.61,39.85",85
"116.61,39.86",39
"116.61,39.87",56
"116.61,39.88",47
"116.61,39.89",110
"116.61,39.90",196
"116.61,39.91",149
"116.61,39.92",124
"116.61,39.93",156
"116.61,39.94",14
"116.61,39.96",25
"116.61,39.97",10
"116.61,39.98",107
"116.61,39.99",41
"116.61,40.00",83
"116.61,40.02",14
"116.61,40.03",3
"116.61,40.04",3
"116.61,40.05",19
"116.61,40.10",3
"116.61,40.11",7
"116.61,40.12",11
"116.61,40.13",1
"116.61,40.14",29
"116.61,40.15",15
"116.61,40.16",2
"116.61,40.17",6
"116.61,40.18",12
"116.61,40.19",9
"116.61,40.26",5
"116.61,40.29",2
"116.62,39.63",8
"116.62,39.66",5
"116.62,39.67",4
"116.62,39.69",4
"116.62,39.71",3
"116.62,39.72",24
"116.62,39.74",6
"116.62,39.77",2
"116.62,39.78",1
"116.62,39.79",11
"116.62,39.80",24
"116.62,39.81",1
"116.62,39.82",11
"116.62,39.83",30
"116.62,39.84",1
"116.62,39.85",41
"116.62,39.86",10
"116.62,39.87",50
"116.62,39.88",65
"116.62,39.89",11
"116.62,39.90",106
"116.62,39.91",109
"116.62,39.92",155
"116.62,39.93",76
"116.62,39.94",9
"116.62,39.95",39
"116.62,39.96",23
"116.62,39.97",14
"116.62,39.98",5
"116.62,39.99",52
"116.62,40.00",46
"116.62,40.01",15
"116.62,40.02",15
"116.62,40.03",22
"116.62,40.04",1
"116.62,40.10",1
"116.62,40.12",1
"116.62,40.13",15
"116.62,40.14",8
"116.62,40.15",3
"116.62,40.16",17
"116.62,40.17",2
"116.62,40.18",7
"116.62,40.21",1
"116.62,40.23",3
"116.62,40.27",1
"116.62,40.29",2
"116.62,40.37",3
"116.63,39.61",1
"116.63,39.62",1
"116.63,39.65",10
"116.63,39.66",10
"116.63,39.68",5
"116.63,39.69",1
"116.63,39.70",10
"116.63,39.72",1
"116.63,39.74",33
"116.63,39.76",25
"116.63,39.77",25
"116.63,39.79",2
"116.63,39.80",3
"116.63,39.81",3
"116.63,39.82",3
"116.63,39.83",51
"116.63,39.84",7
"116.63,39.85",22
"116.63,39.86",4
"116.63,39.87",43
"116.63,39.88",55
"116.63,39.89",27
"116.63,39.90",92
"116.63,39.91",68
"116.63,39.92",34
"116.63,39.93",42
"116.63,39.94",29
"116.63,39.95",14
"116.63,39.96",28
"116.63,39.97",74
"116.63,39.98",58
"116.63,39.99",102
"116.63,40.01",19
"116.63,40.02",28
"116.63,40.03",50
"116.63,40.04",7
"116.63,40.05",14
"116.63,40.06",10
"116.63,40.07",32
"116.63,40.08",5
"116.63,40.09",1
"116.63,40.10",9
"116.63,40.11",16
"116.63,40.13",3
"116.63,40.14",12
"116.63,40.16",12
"116.63,40.17",5
"116.63,40.19",1
"116.63,40.21",6
"116.63,40.23",1
"116.63,40.24",1
"116.63,40.25",1
"116.63,40.26",1
"116.63,40.31",3
"116.63,40.32",2
"116.63,40.33",3
"116.63,40.34",5
"116.64,39.62",1
"116.64,39.66",2
"116.64,39.69",10
"116.64,39.71",3
"116.64,39.73",3
"116.64,39.75",4
"116.64,39.77",2
"116.64,39.78",8
"116.64,39.79",3
"116.64,39.80",4
"116.64,39.81",22
"116.64,39.82",4
"116.64,39.83",20
"116.64,39.84",14
"116.64,39.85",13
"116.64,39.86",38
"116.64,39.87",43
"116.64,39.88",14
"116.64,39.89",59
"116.64,39.90",64
"116.64,39.91",96
"116.64,39.92",74
"116.64,39.93",60
"116.64,39.94",4
"116.64,39.95",29
"116.64,39.98",22
"116.64,39.99",28
"116.64,40.00",3
"116.64,40.01",19
"116.64,40.02",25
"116.64,40.03",10
"116.64,40.04",32
"116.64,40.05",1
"116.64,40.06",19
"116.64,40.08",10
"116.64,40.11",3
"116.64,40.12",1
"116.64,40.13",12
"116.64,40.16",2
"116.64,40.18",1
"116.64,40.19",7
"116.64,40.20",1
"116.64,40.24",15
"116.64,40.25",5
"116.64,40.28",1
"116.64,40.29",4
"116.64,40.30",2
"116.65,39.62",1
"116.65,39.63",5
"116.65,39.64",2
"116.65,39.65",2
"116.65,39.66",1
"116.65,39.67",4
"116.65,39.69",10
"116.65,39.71",6
"116.65,39.72",14
"116.65,39.74",5
"116.65,39.75",23
"116.65,39.76",3
"116.65,39.77",4
"116.65,39.78",10
"116.65,39.79",20
"116.65,39.80",8
"116.65,39.81",16
"116.65,39.82",6
"116.65,39.83",7
"116.65,39.84",24
"116.65,39.85",32
"116.65,39.86",24
"116.65,39.87",24
"116.65,39.88",18
"116.65,39.89",70
"116.65,39.90",30
"116.65,39.91",41
"116.65,39.92",49
"116.65,39.93",16
"116.65,39.94",38
"116.65,39.95",19
"116.65,39.96",10
"116.65,39.97",29
"116.65,39.98",52
"116.65,39.99",33
"116.65,40.00",11
"116.65,40.01",38
"116.65,40.03",1
"116.65,40.05",3
"116.65,40.07",5
"116.65,40.10",1
"116.65,40.11",9
"116.65,40.12",1
"116.65,40.13",13
"116.65,40.14",8
"116.65,40.18",10
"116.65,40.20",2
"116.65,40.21",5
"116.65,40.22",4
"116.65,40.23",2
"116.65,40.25",5
"116.65,40.27",1
"116.65,40.29",7
"116.65,40.31",1
"116.65,40.33",5
"116.65,40.35",2
"116.66,39.65",9
"116.66,39.67",9
"116.66,39.72",9
"116.66,39.74",3
"116.66,39.75",14
"116.66,39.79",7
"116.66,39.80",20
"116.66,39.81",38
"116.66,39.82",1
"116.66,39.83",48
"116.66,39.84",7
"116.66,39.86",22
"116.66,39.87",39
"116.66,39.88",68
"116.66,39.89",69
"116.66,39.90",58
"116.66,39.91",100
"116.66,39.92",75
"116.66,39.93",34
"116.66,39.94",19
"116.66,39.95",4
"116.66,39.96",32
"116.66,39.97",33
"116.66,40.00",6
"116.66,40.01",14
"116.66,40.02",1
"116.66,40.03",1
"116.66,40.04",12
"116.66,40.05",18
"116.66,40.06",24
"116.66,40.07",14
"116.66,40.08",18
"116.66,40.09",6
"116.66,40.11",1
"116.66,40.13",17
"116.66,40.16",1
"116.66,40.18",1
"116.66,40.22",3
"116.66,40.25",2
"116.66,40.28",1
"116.66,40.30",1
"116.66,40.32",2
"116.66,40.35",2
"116.66,40.40",2
"116.67,39.65",3
"116.67,39.66",10
"116.67,39.68",5
"116.67,39.70",7
"116.67,39.71",4
"116.67,39.73",3
"116.67,39.74",1
"116.67,39.75",1
"116.67,39.76",1
"116.67,39.77",6
"116.67,39.79",4
"116.67,39.80",17
"116.67,39.81",14
"116.67,39.82",16
"116.67,39.83",37
"116.67,39.85",1
"116.67,39.86",2
"116.67,39.87",38
"116.67,39.88",81
"116.67,39.89",38
"116.67,39.90",73
"116.67,39.91",42
"116.67,39.92",8
"116.67,39.93",35
"116.67,39.94",24
"116.67,39.95",2
"116.67,39.97",16
"116.67,39.99",3
"116.67,40.00",3
"116.67,40.01",25
"116.67,40.02",13
"116.67,40.03",11
"116.67,40.04",37
"116.67,40.05",7
"116.67,40.06",6
"116.67,40.08",5
"116.67,40.09",3
"116.67,40.10",5
"116.67,40.12",15
"116.67,40.17",1
"116.67,40.21",4
"116.67,40.29",2
"116.67,40.36",1
"116.67,40.37",2
"116.68,39.61",1
"116.68,39.62",5
"116.68,39.64",5
"116.68,39.70",3
"116.68,39.73",4
"116.68,39.75",6
"116.68,39.76",9
"116.68,39.77",5
"116.68,39.79",3
"116.68,39.82",9
"116.68,39.83",1
"116.68,39.84",5
"116.68,39.85",5
"116.68,39.86",17
"116.68,39.87",1
"116.68,39.88",57
"116.68,39.89",44
"116.68,39.90",87
"116.68,39.91",20
"116.68,39.92",41
"116.68,39.93",95
"116.68,39.94",38
"116.68,39.95",13
"116.68,39.97",17
"116.68,39.98",28
"116.68,39.99",50
"116.68,40.00",48
"116.68,40.01",3
"116.68,40.02",6
"116.68,40.03",1
"116.68,40.04",4
"116.68,40.06",3
"116.68,40.08",1
"116.68,40.09",2
"116.68,40.13",7
"116.68,40.15",2
"116.68,40.25",1
"116.68,40.27",1
"116.68,40.28",2
"116.68,40.29",2
"116.68,40.34",1
"116.68,40.35",3
"116.68,40.36",1
"116.68,40.37",1
"116.68,40.40",3
"116.68,40.41",1
"116.69,39.62",6
"116.69,39.68",1
"116.69,39.69",1
"116.69,39.72",13
"116.69,39.74",7
"116.69,39.75",4
"116.69,39.76",4
"116.69,39.77",16
"116.69,39.78",2
"116.69,39.79",12
"116.69,39.80",1
"116.69,39.81",7
"116.69,39.82",2
"116.69,39.83",10
"116.69,39.84",13
"116.69,39.85",10
"116.69,39.86",21
"116.69,39.87",45
"116.69,39.88",9
"116.69,39.89",76
"116.69,39.90",19
"116.69,39.91",69
"116.69,39.92",34
"116.69,39.93",27
"116.69,39.94",52
"116.69,39.95",14
"116.69,39.96",7
"116.69,39.97",33
"116.69,39.98",29
"116.69,39.99",27
"116.69,40.00",6
"116.69,40.01",20
"116.69,40.02",5
"116.69,40.04",17
"116.69,40.08",9
"116.69,40.09",2
"116.69,40.11",8
"116.69,40.13",7
"116.69,40.30",4
"116.69,40.31",1
"116.69,40.32",1
"116.69,40.37",1
"116.69,40.39",1
"116.70,39.65",1
"116.70,39.66",3
"116.70,39.68",10
"116.70,39.69",6
"116.70,39.71",1
"116.70,39.73",6
"116.70,39.74",3
"116.70,39.78",4
"116.70,39.79",4
"116.70,39.80",2
"116.70,39.81",6
"116.70,39.82",1
"116.70,39.83",32
"116.70,39.84",25
"116.70,39.85",41
"116.70,39.86",5
"116.70,39.87",32
"116.70,39.88",27
"116.70,39.89",21
"116.70,39.90",1
"116.70,39.91",27
"116.70,39.92",18
"116.70,39.93",31
"116.70,39.94",8
"116.70,39.95",15
"116.70,39.96",15
"116.70,39.97",2
"116.70,39.98",36
"116.70,39.99",34
"116.70,40.00",37
"116.70,40.01",18
"116.70,40.04",2
"116.70,40.05",11
"116.70,40.06",1
"116.70,40.10",12
"116.70,40.12",2
"116.70,40.13",4
"116.70,40.14",11
"116.70,40.15",1
"116.70,40.17",1
"116.70,40.21",5
"116.70,40.23",1
"116.70,40.28",3
"116.70,40.29",1
"116.70,40.32",1
"116.70,40.35",1
"116.70,40.37",2
"116.70,40.44",2
"116.71,39.68",1
"116.71,39.72",6
"116.71,39.74",1
"116.71,39.76",7
"116.71,39.77",6
"116.71,39.79",1
"116.71,39.80",7
"116.71,39.82",5
"116.71,39.83",3
"116.71,39.84",3
"116.71,39.85",53
"116.71,39.86",24
"116.71,39.87",8
"116.71,39.88",43
"116.71,39.89",29
"116.71,39.90",32
"116.71,39.91",6
"116.71,39.92",11
"116.71,39.93",10
"116.71,39.94",8
"116.71,39.95",2
"116.71,39.96",20
"116.71,39.97",1
"116.71,39.98",8
"116.71,39.99",17
"116.71,40.00",2
"116.71,40.01",1
"116.71,40.02",1
"116.71,40.04",11
"116.71,40.05",2
"116.71,40.06",1
"116.71,40.07",10
"116.71,40.08",2
"116.71,40.09",6
"116.71,40.13",6
"116.71,40.14",1
"116.71,40.17",4
"116.71,40.19",2
"116.71,40.29",2
"116.72,39.64",3
"116.72,39.66",6
"116.72,39.68",4
"116.72,39.70",8
"116.72,39.74",3
"116.72,39.76",3
"116.72,39.77",7
"116.72,39.78",12
"116.72,39.79",2
"116.72,39.80",11
"116.72,39.82",5
"116.72,39.83",12
"116.72,39.84",12
"116.72,39.85",21
"116.72,39.86",9
"116.72,39.87",2
"116.72,39.90",6
"116.72,39.91",12
"116.72,39.92",6
"116.72,39.93",4
"116.72,39.94",12
"116.72,39.95",52
"116.72,39.96",14
"116.72,39.97",14
"116.72,39.99",9
"116.72,40.01",3
"116.72,40.05",1
"116.72,40.06",8
"116.72,40.16",1
"116.72,40.17",6
"116.72,40.19",1
"116.72,40.20",2
"116.72,40.21",1
"116.72,40.23",1
"116.73,39.63",4
"116.73,39.64",1
"116.73,39.68",11
"116.73,39.70",1
"116.73,39.71",2
"116.73,39.72",4
"116.73,39.76",3
"116.73,39.78",7
"116.73,39.80",4
"116.73,39.81",9
"116.73,39.82",12
"116.73,39.83",7
"116.73,39.84",34
"116.73,39.85",28
"116.73,39.86",8
"116.73,39.87",2
"116.73,39.88",6
"116.73,39.89",8
"116.73,39.90",16
"116.73,39.91",13
"116.73,39.92",23
"116.73,39.93",25
"116.73,39.94",28
"116.73,39.95",10
"116.73,39.96",24
"116.73,39.97",25
"116.73,39.99",2
"116.73,40.01",21
"116.73,40.03",2
"116.73,40.04",10
"116.73,40.13",5
"116.73,40.14",7
"116.73,40.17",1
"116.73,40.18",3
"116.73,40.25",1
"116.73,40.30",1
"116.74,39.63",1
"116.74,39.64",1
"116.74,39.68",1
"116.74,39.75",4
"116.74,39.82",6
"116.74,39.84",1
"116.74,39.85",15
"116.74,39.86",4
"116.74,39.87",2
"116.74,39.88",9
"116.74,39.89",5
"116.74,39.90",19
"116.74,39.91",19
"116.74,39.93",26
"116.74,39.94",21
"116.74,39.95",6
"116.74,39.96",5
"116.74,39.97",20
"116.74,39.99",4
"116.74,40.00",19
"116.74,40.06",4
"116.74,40.08",4
"116.74,40.12",1
"116.74,40.14",9
"116.74,40.16",2
"116.74,40.20",6
"116.74,40.21",3
"116.74,40.32",1
"116.74,40.33",2
"116.75,39.69",2
"116.75,39.71",1
"116.75,39.72",5
"116.75,39.76",1
"116.75,39.77",8
"116.75,39.78",1
"116.75,39.79",2
"116.75,39.80",7
"116.75,39.82",5
"116.75,39.83",19
"116.75,39.84",21
"116.75,39.85",9
"116.75,39.88",4
"116.75,39.90",11
"116.75,39.91",16
"116.75,39.92",28
"116.75,39.93",58
"116.75,39.94",12
"116.75,39.95",25
"116.75,39.97",11
"116.75,39.99",8
"116.75,40.00",9
"116.75,40.01",1
"116.75,40.03",4
"116.75,40.04",2
"116.75,40.06",1
"116.75,40.07",1
"116.75,40.09",5
"116.75,40.10",4
"116.75,40.15",1
"116.75,40.21",1
"116.75,40.28",2
"116.75,40.34",1
"116.75,40.36",1
"116.75,40.38",1
"116.76,39.62",1
"116.76,39.66",1
"116.76,39.72",4
"116.76,39.74",1
"116.76,39.75",2
"116.76,39.76",10
"116.76,39.77",2
"116.76,39.79",1
"116.76,39.80",14
"116.76,39.82",2
"116.76,39.83",20
"116.76,39.84",5
"116.76,39.85",16
"116.76,39.87",7
"116.76,39.88",29
"116.76,39.89",18
"116.76,39.90",8
"116.76,39.91",5
"116.76,39.92",20
"116.76,39.93",49
"116.76,39.94",39
"116.76,39.99",4
"116.76,40.00",23
"116.76,40.07",2
"116.76,40.08",1
"116.76,40.10",3
"116.76,40.12",3
"116.76,40.14",2
"116.76,40.17",5
"116.76,40.20",2
"116.76,40.23",2
"116.76,40.31",1
"116.76,40.34",4
"116.76,40.36",1
"116.77,39.64",1
"116.77,39.67",1
"116.77,39.70",4
"116.77,39.75",9
"116.77,39.79",6
"116.77,39.80",3
"116.77,39.81",1
"116.77,39.82",9
"116.77,39.83",14
"116.77,39.84",1
"116.77,39.86",12
"116.77,39.89",10
"116.77,39.92",19
"116.77,39.93",3
"116.77,39.94",25
"116.77,39.95",8
"116.77,40.03",2
"116.77,40.06",1
"116.77,40.07",3
"116.77,40.13",1
"116.77,40.14",2
"116.77,40.16",1
"116.77,40.30",1
"116.77,40.32",1
"116.78,39.59",1
"116.78,39.60",3
"116.78,39.67",5
"116.78,39.71",5
"116.78,39.73",11
"116.78,39.77",6
"116.78,39.78",4
"116.78,39.79",1
"116.78,39.80",6
"116.78,39.81",3
"116.78,39.83",6
"116.78,39.84",7
"116.78,39.85",18
"116.78,39.86",21
"116.78,39.87",1
"116.78,39.88",13
"116.78,40.08",1
"116.78,40.09",4
"116.78,40.16",1
"116.78,40.28",3
"116.79,39.62",2
"116.79,39.66",1
"116.79,39.70",1
"116.79,39.71",3
"116.79,39.77",16
"116.79,39.78",14
"116.79,39.81",6
"116.79,39.82",24
"116.79,39.83",1
"116.79,39.84",5
"116.79,39.85",10
"116.79,39.87",12
"116.79,40.03",7
"116.79,40.11",1
"116.79,40.15",2
"116.79,40.24",2
"116.79,40.25",1
"116.79,40.27",1
"116.79,40.29",1
"116.79,40.34",2
"116.79,40.36",1
"116.80,39.64",3
"116.80,39.68",1
"116.80,39.70",4
"116.80,39.74",3
"116.80,39.75",4
"116.80,39.77",5
"116.80,39.80",1
"116.80,39.81",5
"116.80,39.84",12
"116.80,39.85",20
"116.80,39.86",3
"116.80,39.87",20
"116.80,39.88",2
"116.80,40.03",5
"116.80,40.04",7
"116.80,40.05",4
"116.80,40.06",1
"116.80,40.07",4
"116.80,40.09",2
"116.80,40.14",1
"116.80,40.15",1
"116.80,40.16",1
"116.80,40.17",1
"116.80,40.29",1
"116.80,40.36",1
"116.80,40.37",1
"116.80,40.38",1
"116.81,39.62",2
"116.81,39.69",2
"116.81,39.71",4
"116.81,39.74",8
"116.81,39.76",3
"116.81,39.84",13
"116.81,39.86",18
"116.81,39.87",1
"116.81,40.03",2
"116.81,40.06",1
"116.81,40.07",3
"116.81,40.09",1
"116.81,40.16",1
"116.81,40.19",2
"116.81,40.21",1
"116.81,40.36",2
"116.82,39.64",1
"116.82,39.67",3
"116.82,39.71",3
"116.82,39.73",3
"116.82,39.74",3
"116.82,39.78",2
"116.82,39.79",9
"116.82,39.81",6
"116.82,39.83",4
"116.82,39.84",1
"116.82,39.86",1
"116.82,39.87",10
"116.82,40.03",6
"116.82,40.04",4
"116.82,40.06",9
"116.82,40.10",3
"116.82,40.11",1
"116.82,40.13",2
"116.82,40.15",7
"116.82,40.16",1
"116.82,40.32",1
"116.82,40.33",3
"116.82,40.37",5
"116.83,39.62",1
"116.83,39.69",4
"116.83,39.71",3
"116.83,39.73",3
"116.83,39.76",6
"116.83,39.80",1
"116.83,39.81",12
"116.83,39.82",6
"116.83,39.83",5
"116.83,39.85",3
"116.83,39.86",10
"116.83,40.05",6
"116.83,40.07",4
"116.83,40.15",2
"116.83,40.28",1
"116.83,40.36",1
"116.83,40.38",2
"116.83,40.47",1
"116.84,39.75",6
"116.84,39.78",6
"116.84,39.79",8
"116.84,39.80",24
"116.84,39.81",9
"116.84,39.85",2
"116.84,39.86",5
"116.84,40.16",5
"116.84,40.37",1
"116.84,40.38",4
"116.85,39.68",6
"116.85,39.71",2
"116.85,39.73",3
"116.85,39.74",4
"116.85,39.75",1
"116.85,39.80",6
"116.85,39.81",2
"116.85,40.09",3
"116.85,40.12",1
"116.85,40.18",1
"116.85,40.39",1
"116.86,39.71",1
"116.86,39.73",5
"116.86,39.78",3
"116.86,39.80",3
"116.86,39.81",2
"116.86,39.82",5
"116.86,39.83",5
"116.86,40.07",1
"116.86,40.16",1
"116.86,40.17",1
"116.86,40.20",3
"116.86,40.23",2
"116.86,40.38",2
"116.87,39.69",1
"116.87,39.71",1
"116.87,39.72",6
"116.87,39.78",6
"116.87,39.82",3
"116.87,40.12",1
"116.87,40.15",4
"116.87,40.19",1
"116.87,40.20",1
"116.87,40.23",1
"116.87,40.35",1
"116.87,40.39",1
"116.88,39.71",10
"116.88,39.72",7
"116.88,39.74",9
"116.88,39.79",1
"116.88,39.81",11
"116.88,39.82",4
"116.88,40.06",1
"116.88,40.10",1
"116.88,40.37",2
"116.88,40.38",1
"116.89,39.69",8
"116.89,39.70",7
"116.89,39.71",14
"116.89,40.15",4
"116.89,40.17",1
"116.90,39.74",5
"116.90,39.77",7
"116.90,39.78",5
"116.90,39.80",5
"116.90,39.81",2
"116.90,39.82",8
"116.90,40.12",1
"116.90,40.16",1
"116.90,40.17",1
"116.90,40.40",5
"116.91,39.81",3
"116.91,40.09",1
"116.91,40.13",1
"116.91,40.15",1
"116.92,39.75",2
"116.92,39.79",2
"116.92,40.05",1
"116.93,40.06",3
"116.93,40.28",1
"116.93,40.41",2
"116.94,39.79",1
"116.94,40.08",1
"116.96,40.29",3
"116.97,40.06",1
"116.97,40.19",2
"116.98,40.14",1
"116.98,40.57",1
"116.99,40.36",1
"117.00,40.04",6
"117.00,40.08",1
"117.00,40.14",2
"117.01,40.06",3
"117.01,40.19",3
"117.01,40.45",1
"117.03,40.08",1
"117.03,40.09",1
"117.03,40.11",1
"117.03,40.14",1
"117.05,40.08",1
"117.05,40.17",1
"117.05,40.20",1
"117.06,40.09",1
"117.06,40.18",1
"117.07,40.15",1
"117.09,40.12",1
"117.09,40.13",1
"117.10,40.14",1
"117.10,40.15",1
"117.11,40.11",1
"117.12,40.14",2
"117.12,40.26",1
"117.13,40.14",1
"117.13,40.54",1
"117.14,40.16",1
"117.15,40.19",1
"117.16,40.69",1
"117.19,40.15",1
"117.20,40.35",1
"117.27,40.65",1
"117.29,40.19",1
